mistake,correct
下秦,下旬
不乎,不符
不恥,不齒
不段,不斷
不防,不妨
世界杯,世界盃
世藝,細藝
並發症,併發症
丫嘛,吖嘛
丫環,丫鬟
中瘋,中風
中秦,中旬
串咀,串嘴
久遺,久違
乎合,符合
九洲,九州
九菜,韭菜 韮菜
九黃,韭黃
乞痴,乞嗤 乞嚏
事乎,視乎
事源,事緣
云南,雲南
云吞,雲吞 餛飩
介刀,鎅刀 𠝹刀
介口,戒口
介定,界定
介心,戒心
介手,鎅手 𠝹手
介指,戒指
介毒,戒毒
介波袋,鎅波袋 𠝹波袋
介線,界線
仕奉,伺奉 侍奉
付例,附例
付加,附加
付屬,附屬
付擔,負擔
付近,附近
估勵,鼓勵
估惑,古惑 蠱惑
伸手擋,伸手黨
伸請,申請
似符,似乎
佈境,佈景
佈致,佈置
何里活,荷里活
佛係,佛系
保充,補充
保標,保鏢 保鑣
保貴,寶貴
修詞,修辭
修費,收費
修音,收音
倉皇,倉惶
候生,後生
候生仔,後生仔
倫落,淪落
值入,植入
值頭,直頭
偏坦,偏袒
做型,造型
做野,做嘢
側博,側膊
側搏,側膊
側魚涌,鰂魚涌
偶象,偶像
偷野,偷嘢
傢私,傢俬 家私
催殘,摧殘
催毀,摧毀
傳釋,詮釋
像徵,象徵
僵屍,殭屍
儒動,蠕動
儘情,盡情
兄第,兄弟
光茫,光芒
兒媽巾,姨媽巾
內則,內側
八掛,八卦
公資,工資
公黨,工黨
其待,期待
典形,典型
冇野,冇嘢
准備,準備
准確,準確
几乎,幾乎
分秘,分泌
分辯,分辨
切底,徹底
利伸,利申
利幣,利弊
利落,俐落
到轉,倒轉
制作,製作
制品,製品
制肘,掣肘
制造,製造
刻服,克服
則邊,側邊
前列線,前列腺
前境,前景
前題,前提
創做,創造
劇裂,劇烈
功略,攻略
加洲,加州
助功,助攻
勁秋,勁揪 勁抽
動物員,動物園
勢藝,細藝
勵害,厲害
勾二嫂,勾義嫂
包伏,包袱
包扎,包紮
包果,包裹
千其,千祈
博到盡,搏到盡
博咀,駁嘴
博殺,搏殺
博頭,膊頭
印像,印象
即慶,即興
原全,完全
原故,緣故
原素,元素
參予,參與
參巧,參考
及底粥,及第粥
反醒,反省
受顧,受僱
口喝,口渴
口材,口才
口疾疾,口窒窒
古積,古跡 古蹟
古績,古跡 古蹟
叮當,叮噹
台風,颱風
司傅,師傅 師父
合拼,合併
合符,合乎
吉烈,吉列
吉詳,吉祥
名星,明星
后悔,後悔
吝惜,吝嗇
吞拼,吞併
吧閉,巴閉
吹毀,摧毀
吹虛,吹噓
吽豆,吽哣 吽逗
呼喻,呼籲
咀臉,嘴臉
咋型,詐刑 詐型
咋帝,詐帝 詐諦
咋糊,詐糊
咪標,咪表 咪錶
咸水,鹹水
咸菜,鹹菜
咸蛋,鹹蛋
咸酸菜,鹹酸菜
唉住,挨住
唔份氣,唔忿氣
唔夠訓,唔夠瞓
唔等駛,唔等使
唔駛,唔使
唯憾,遺憾
啖定,淡定
喂飽,餵飽
喉琴,猴擒
喉龍,喉嚨
喉龍痛,喉嚨痛
喝倒采,喝倒彩
嗚糟,污糟
嘴吧,嘴巴
嘴嚼,咀嚼
嚴勵,嚴厲
回力標,回力鏢
回避,迴避
回響,迴響
固意,故意
固障,故障
圍嘔,圍毆
圓型,圓形 原型
圖象,圖像
地型,地形
型式,形式
型態,形態
型狀,形狀
型象,形象
執包伏,執包袱
基乎,幾乎
基楚,基礎
基篤徒,基督徒
堆田,堆填
堆田區,堆填區
場境,場景
場竟,場景
增光,爭光
外藉,外籍
夠竟,究竟
夢為,夢遺
大前題,大前提
大本型,大本營
大東瓜,大冬瓜
大粒野,大粒嘢
大舊,大嚿
大舊衰,大嚿衰
大陣象,大陣仗
失頭,膝頭
失頭哥,膝頭哥
奄割,閹割
奇材,奇才
奇積,奇跡 奇蹟
奇績,奇跡 奇蹟
奉指,奉旨
奔周,賓周 賓州
女姓,女性
奸淫,姦淫
妄顧,罔顧
妳們,你們
姑寒,孤寒
姓別,性別
委縮,萎縮
媒氣,煤氣
嬌縱,驕縱
孔慌,恐慌
孤且,姑且
孤婆屋,姑婆屋
孤拎拎,孤伶伶
學屆,學界
學曆,學歷
安落,安樂
完素,元素
官師,官司
官材,棺材
定姓,定性
宣報,宣佈
宣怖,宣佈
家景,家境
寂漠,寂寞
寂莫,寂寞
密月,蜜月
密月期,蜜月期
密瓜,蜜瓜
密瓜,蜜瓜
寒喧,寒暄
察錯鞋,擦錯鞋
寸咀,寸嘴
專嚴,尊嚴
專材,專才
專註,專注
尊家,專家
尊心,專心
尊業,專業
尊登,專登
對像,對象
對現,兑現
小龍包,小籠包
少眾,小眾
局住,焗住
屁鼓,屁股
山渣,山楂
差電,叉電
差電器,叉電器
希有,稀有
希罕,稀罕
師機,司機
帳單,賬單
帶綠帽,戴綠帽
幅射,輻射
并且,並且
庸材,庸才
廁隔,廁格
廉刀,鐮刀
廢是,費事 廢事
廣洲,廣州
廣範,廣泛
延席,筵席
延申,延伸
引伸,引申
強奸,強姦
形像,形象
形合,迎合
形造,營造
影象,影像 映像
律司,律師
律政師,律政司
後緩,後援
徘迴,徘徊
從始,從此
從新,重新 重申
循迴,巡迴
微形,微型
微績分,微積分
徹僑,撤僑
徹出,撤出
徹資,撤資
徹退,撤退
徹離,撤離
忿怒,憤怒
怖滿,佈滿 布滿
怖置,佈置
怖陣,佈陣 布陣
急証,急症
急証室,急症室
急證,急症
恆量,衡量
恐佈,恐怖
悔氣,晦氣
惡心,噁心
惡攪,惡搞
想象,想像
意慾,意欲
感概,感慨
慈詳,慈祥
慌唐,荒唐
慌言,謊言
慨念,概念
慰寂,慰藉
憎侶,僧侶
憶測,臆測
應籌,應酬
懷勉,懷緬
戀童,孌童
戀童辟,戀童癖
成積,成績
戒子,戒指
戚眉,摵眉
戰積,戰績
戰跡,戰績
户照,護照
手碗,手腕
手飾,首飾
扎實,紮實
批抨,批評
批準,批准
承機,乘機
抗奮,亢奮
抵毀,詆毀 詆譭
抽像,抽象
拐仗,拐杖 枴杖
招來,招徠
括免,豁免
括出去,豁出去
括達,豁達
拼博,拼搏
拼發症,併發症
指名,指明
振災,賑災
捉字失,捉字虱 捉字蝨
据悉,據悉
掙吵,爭吵
掙獰,猙獰
採排,彩排 綵排
描準,瞄準
提材,題材
搏同情,博同情
搏咀,駁嘴
搏嘴,駁嘴
搏頭,膊頭
搔擾,騷擾
搖幌,搖晃
搖控,遙控
搖言,謠言
搞屎棍,攪屎棍
搞珠,攪珠
搞誇,搞垮
撲素,樸素
撳制,㩒掣 撳掣
擁腫,臃腫
擇公字,擲公字
擔誤,耽誤
擠湧,擠擁
擠身,躋身
擦子膠,擦紙膠
擺怖,擺佈
擾釀,擾攘
攤抖,攤唞
攬球,欖球
支助,資助
支竹,枝竹
收伏,收復 收服
教庭,教廷
整估,整古 整蠱
斜咩袋,斜孭袋
斬攬,斬纜
新份證,身份證
新架玻,新加坡
方型,方形
旁晚,傍晚
日抖,日頭
日歷,日曆
旨導,指導
映象,映像 影像
時晨,時辰
晨犧,晨曦
普邏,普羅
暗倉,暗瘡
暗蒼,暗瘡
暴光,曝光
暴光率,曝光率
暴燥,暴躁
曆史,歷史
曆屆,歷屆
木綿,木棉
末落,沒落
杯割,杯葛
杯面,杯麪
東瓜,冬瓜
某情度,某程度
柯尿,屙尿
柯屎,屙屎
根据,根據
梳通,疏通
概嘆,慨嘆
概歎,慨歎
標准,標準
標志,標誌
標纖,標籤
標致,標緻 標誌
模彷,模仿
橡根,橡筋
橫誇,橫跨
橫隔膜,橫膈膜
檢拾,撿拾
櫃筒,櫃桶
欄截,攔截
欄腰,攔腰
欣勤,殷勤
歷法,曆法
歸依,皈依
歸究,歸咎
殞石,隕石
母指,拇指
比心機,俾心機 畀心機
毫紙,毫子
氣水,汽水
氣紛,氣氛
水電媒,水電煤
江胡,江湖
污低,摀低 烏低
污低身,摀低身 烏低身
污租,污糟
沉殿,沉澱
沖刺,沖廁 衝刺
沖動,衝動
沖突,衝突
沖紅燈,衝紅燈
沙攤,沙灘
沙糖,砂糖
泛賤,犯賤
波璃,玻璃
波蘿,菠蘿
波蘿包,菠蘿包
注冊,註冊
洗手盤,洗手盆
浪廢,浪費
浸咸水,浸鹹水
消售,銷售
消案,銷案
消毀,銷毀 燒毀
消遙,逍遙
消魂,銷魂
涉取,攝取
涉嚴,涉嫌
清一式,清一色
清徹,清澈
清析,清晰
渣主意,揸主意
渣兜,揸兜
渣手,揸手
渣旗,揸旗
渣槍,揸槍
渣波,揸波
渣車,揸車
游俠,遊俠
游學,遊學
游客,遊客
游戲,遊戲
游艇,遊艇
準許,准許
漂移,飄移
演譯,演繹
漫延,蔓延
漫游,漫遊
漫罵,謾罵
潮洲,潮州
澳州,澳洲
激漲法,激將法
濕診,濕疹
火觸,火燭
灰北克,魁北克
灰諧,詼諧
炒面,炒麪
炮杖,炮仗
炮谷,爆谷
炸糊,詐糊
炸菜,榨菜
炸蛋,炸彈
炸醬面,炸醬麪
烏托幫,烏托邦
烏東,烏冬
烏糟,污糟
烏黑蘭,烏克蘭
無口恥,冇口齒
無須,毋須
煙產,煙剷 煙鏟
煩燥,煩躁
煩腦,煩惱
煩複,繁複
熏陶,薰陶
營利,盈利
燥狂,躁狂
燥鬱,躁鬱
爬龍舟,扒龍舟
爭扎,掙扎
版塊,板塊
牙菜,芽菜
牙較,牙鉸 牙骹
牲蓄,牲畜
狀員,狀元
狡滑,狡猾
猴琴,猴擒
班馬線,斑馬線
現像,現象
理材,理財
甜密,甜蜜
申手,伸手
申手黨,伸手黨
界乎,介乎
界入,介入
界刀,鎅刀 𠝹刀
界手,鎅手 𠝹手
界毒,戒毒
界波袋,鎅波袋 𠝹波袋
略奪,掠奪
番兜,翻兜
番大陸,返大陸
番學,返學
番工,返工
番簡,番梘
番轉頭,返轉頭
痴身,黐身
癲倒,顛倒
癲峰,巔峯 巔峰
癲覆,顛覆
發悔氣,發晦氣
發顛,發癲
益或,抑或
監制,監製
盤菜,盆菜
相方,雙方
相討,商討
真珠,珍珠
眼廉,眼簾
眼捷毛,眼睫毛
眼覺高,眼角高
睇諒,體諒
瞬速,迅速
矛山,茅山
矯型,矯形
磨煉,磨練
磨菇,蘑菇
示乎,視乎
神喻,神諭
神績,神跡 神蹟
禁欲,禁慾
秦始王,秦始皇
移值,移植
程況,情況
究境,究竟
空範,空泛
等錢駛,等錢使
答的,搭的
答複,答覆
答車,搭車
節墮,折墮
節衷,折衷
簡水,梘水 鹼水
籃籌,藍籌
籃色,藍色
籍口,藉口
籍此,藉此
粗囗,粗口
紀祿,紀錄
紀綠,紀錄
納喊,吶喊
紙扎,紙紮
累績,累積
細致,細緻
終于,終於
經曆,經歷
綜緩,綜援
編幅,篇幅
緩交,援交
練金術,煉金術 鍊金術
縮少,縮小
縱欲,縱慾
縱觀,綜觀
總制,總掣
繁囂,煩囂
續步,逐步
續漸,逐漸
纏擾,纏繞
缺裂,決裂
羅白糕,蘿蔔糕
羅輯,邏輯
美州,美洲
翠肉瓜,翠玉瓜
翻大陸,返大陸
翻學,返學
翻工,返工
耐何,奈何
聊交嗌,撩交嗌
聊交打,撩交打
聚舊,敘舊
聚落,墜落
肉博,肉搏
肚柯,肚屙 肚痾
肥糕,肥膏
背付,背負
背境,背景
背殼,貝殼
背隻,背脊
胡塗,糊塗
胡鬚,鬍鬚
脈博,脈搏
脈膊,脈搏
脈落,脈絡
腳制,腳掣
腳指公,腳趾公
膚衍,敷衍
膽少,膽小
自悲,自卑
舒壓,紓壓
舒情,抒情
舒發,抒發
舒解,紓解
色欲,色慾
草猛,草蜢
草議,草擬
荒凉,荒涼
荒失失,慌失失
荒無,荒蕪
荷理活,荷里活
蓮偶,蓮藕
藍球,籃球
藍球場,籃球場
蘑姑,蘑菇
蘿白,蘿蔔
蘿白糕,蘿蔔糕
虛疑,虛擬
蚊支,蚊滋 蚊螆
蚊枝,蚊滋 蚊螆
蝙幅,蝙蝠
融恰,融洽
衝激,衝擊
製做,製造
製度,制度
製服,制伏 制服
複制,複製
襯熱鬧,趁熱鬧
西利,犀利
覆雜,複雜
規舉,規矩
視光司,視光師
視符,視乎
親蜜,親密
角式,各式 角色
解析,解釋
觸目,矚目
訂做,訂造
訂制,訂製
訓街,瞓街
訓身,瞓身
訓過龍,瞓過龍
註意力,注意力
評擊,抨擊
詳和,祥和
誠認,承認
説慌,説謊
謀利,牟利
證狀,症狀
警剔,警惕
讚助,贊助
讚同,贊同
讚成,贊成
豆付,豆腐
象征,象徵
豪子,毫子
資曆,資歷
資詢,諮詢
賭搏,賭博
贊揚,讚揚
贊歎,讚歎
贊賞,讚賞
起馬,起碼
跟據,根據
跟本,根本
跡像,跡象
路宿,露宿
跳制,跳掣
踪跡,蹤跡
輔加,附加
輪回,輪迴
輯拿,緝拿
輯毒,緝毒
輯毒犬,緝毒犬
轉灣,轉彎
辦工,辦公
辦工室,辦公室
辦演,扮演
辯認,辨認
辯識,辨識
農歷,農曆
迅間,瞬間
返公,返工
返炒,翻炒
逆景,逆境
逐部,逐步
通漲,通脹
通輯,通緝
通霄,通宵
造形,造型
造愛,做愛
造文章,做文章
週街,周街
進帳,進賬
進註,進駐
進身,晉身
遊擊,游擊
遊水,游水
遊盪,遊蕩
遊輪,郵輪
遊離,游離
遊雲,遊魂
遍布,遍佈
達至,達致
違忘,遺忘
違棄,遺棄
違留,遺留
遙言,謠言
遣責,譴責
遮暇,遮瑕
遮閉,遮蔽
遺反,違反
遺和,違和
遺和感,違和感
遺約,違約
遺霜,遺孀
還完,還原
邊道,邊度
邏緝,邏輯
邏船槳,螺旋槳
鄉伸,鄉紳
醒小小,醒少少
醜角,丑角
采取,採取
采訪,採訪
銅羅灣,銅鑼灣
鋒茫,鋒芒
鋼根,鋼筋
鍛練,鍛煉 鍛鍊
鎖碎,瑣碎
鎮懾,震懾
鐘情,鍾情
鐘意,中意 鍾意
鐵打,跌打
鑽介,鑽戒
長方型,長方形
長沙環,長沙灣
開托,開拓
開關制,開關掣
關系,關係
防御,防禦
防避,防備
阿根庭,阿根廷
阿聯油,阿聯酋
阿聯猶,阿聯酋
附出,付出
附助,輔助
附馬,駙馬
陪育,培育
陪訓,培訓
陪養,培養
障外,障礙
隱型,隱形
隱悔,隱晦
隱閉,隱蔽
雜志,雜誌
雞俾,雞肶 雞髀
雞脾,雞肶 雞髀
零晨,凌晨
電制,電掣
電池爐,電磁爐
電迅,電訊
需知,須知
震壓,鎮壓
震奮,振奮
震定,鎮定
震攝,震懾
震災,賑災
靜俏俏,靜悄悄
非州,非洲
領使,領事
領士館,領事館
頭淡湯,頭啖湯
題問,提問
題示,提示
類形,類型
類積,累積
顧主,僱主
顧傭兵,僱傭兵
飛標,飛鏢
飛機司,飛機師
食咋糊,食詐糊
食炸糊,食詐糊
馬安山,馬鞍山
駁同情,博同情
駐扎,駐紮
駛費,使費
骨格,骨骼
體量,體諒
高鋒,高峯 高峰
髮形,髮型
髮形師,髮型師
鴨利洲,鴨脷洲
鼓厲,鼓勵
鼻寒,鼻鼾
鼻寒聲,鼻鼾聲
龍卷風,龍捲風
㩒制,㩒掣
追咎,追究
修詞,修辭
付責,負責
勾二嫂,勾義嫂
召募,招募
剌激,刺激
兇宅,凶宅
折墜,折墮
拍擋,拍檔
掘起,崛起
改篇,改編
恰著,瞌着
腦筍,腦囟
鼓油,豉油
興過火屎,㷫過火屎
一塌胡塗,一塌糊塗
一凡風順,一帆風順
一箱情願,一廂情願
一霜情願,一廂情願
一日到刻,一日到黑
一慨而論,一概而論
一無一樣,一模一樣
一譚死水,一潭死水
一無事處,一無是處
一曉不通,一竅不通
一箭雙雕,一箭雙鵰
一落千仗,一落千丈
一見鐘情,一見鍾情
一視同人,一視同仁
一走了知,一走了之
一舖清袋,一鋪清袋
一頭冒水,一頭霧水
一股作氣,一鼓作氣
三間半夜,三更半夜
三顧草蘆,三顧草廬
上帝視覺,上帝視角
上崗上線,上綱上線
上鋼上線,上綱上線
不了了知,不了了之
不淪不類,不倫不類
不論不類,不倫不類
不輪不類,不倫不類
不偏不移,不偏不倚
不設實際,不切實際
不勞而穫,不勞而獲
不嫌其煩,不厭其煩
不可思異,不可思議
不可思義,不可思議
不再話下,不在話下
不堪切想,不堪設想
不外如事,不外如是
不寒而栗,不寒而慄
不節不扣,不折不扣
不服來辨,不服來辯
不知所縱,不知所終
不知所踪,不知所終
不知所為,不知所謂
不若而同,不約而同
不知量力,不自量力
不惶多讓,不遑多讓
不違餘力,不遺餘力
世外桃園,世外桃源
世界沒日,世界末日
掉人現眼,丟人現眼
中流抵柱,中流砥柱
中西合壁,中西合璧
中規中舉,中規中矩
知乎者也,之乎者也
承虛而入,乘虛而入
九唔答八,九唔搭八
狗唔搭八,九唔搭八
事與願遺,事與願違
五花百門,五花八門
五顏綠色,五顏六色
五體頭地,五體投地
井底之娃,井底之蛙
交通公具,交通工具
人知常情,人之常情
人潔地靈,人傑地靈
人去留空,人去樓空
人工授孕,人工受孕
人情細故,人情世故
人格分烈,人格分裂
人老豬黃,人老珠黃
人生安全,人身安全
人生攻擊,人身攻擊
人義道德,仁義道德
人至義盡,仁至義盡
令人發指,令人髮指
議事論事,以事論事
以暴亦暴,以暴易暴
以逸代勞,以逸待勞
任意莽為,任意妄為
似是疑非,似是而非
似層相識,似曾相識
何得何能,何德何能
例行工事,例行公事
係咁上吓,係咁上下
促膝詳談,促膝長談
保家為國,保家衞國
收成正果,修成正果
假人假義,假仁假義
做壞規舉,做壞規矩
停濟不前,停滯不前
偷扼拐騙,偷呃拐騙
偷功減料,偷工減料
謹此而已,僅此而已
憎多粥少,僧多粥少
價底者得,價低者得
價值不斐,價值不菲
憂柔寡斷,優柔寡斷
完氣大傷,元氣大傷
衝大頭鬼,充大頭鬼
兇神惡殺,兇神惡煞
先聊者賤,先撩者賤
先發製人,先發制人
先見之名,先見之明
先見知明,先見之明
入鄉隨族,入鄉隨俗
兵慌馬亂,兵荒馬亂
冇淡好食,冇啖好食
再接再勵,再接再厲
官狀病毒,冠狀病毒
冷氣軍司,冷氣軍師
兇多吉少,凶多吉少
出人投地,出人頭地
出奇不意,出其不意
出身入死,出生入死
出返淡氣,出返啖氣
出相入對,出雙入對
分身不下,分身不暇
初出茅蘆,初出茅廬
到時到後,到時到候
刻不容援,刻不容緩
前世唔收,前世唔修
前鋪後居,前舖後居
湯雞還神,劏雞還神
力爭上遊,力爭上游
功不可抹,功不可沒
公德無量,功德無量
功得無量,功德無量
勇氣可加,勇氣可嘉
免為其難,勉為其難
勝卷在握,勝券在握
世估唔到,勢估唔到
誓估唔到,勢估唔到
化為污有,化為烏有
匪疑所思,匪夷所思
匪而所思,匪夷所思
十居奇九,十居其九
千蒼百孔,千瘡百孔
千遍一律,千篇一律
千均一髮,千鈞一髮
千鈞一發,千鈞一髮
星斗市民,升斗市民
半夜三間,半夜三更
半斤百兩,半斤八兩
半買半送,半賣半送
卑弓屈膝,卑躬屈膝
完封不動,原封不動
反撲歸真,反璞歸真
反復無常,反覆無常
口同鼻嗌,口同鼻拗
另一邊相,另一邊廂
另一邊箱,另一邊廂
叮噹碼頭,叮噹馬頭
可想然知,可想而知
可想而之,可想而知
可想言知,可想而知
可見一班,可見一斑
各師其職,各司其職
各施其職,各司其職
同仇敵慨,同仇敵愾
同出一徹,同出一轍
同場加影,同場加映
同場加演,同場加映
同病相連,同病相憐
名列前矛,名列前茅
明存實亡,名存實亡
明正言順,名正言順
名流青史,名留青史
名留清史,名留青史
明符其實,名符其實
疚由自取,咎由自取
究由自取,咎由自取
唔怪知得,唔怪之得
唔掛之得,唔怪之得
唔怪得支,唔怪得之
唔怪得知,唔怪得之
唔驚唔覺,唔經唔覺
唯你事問,唯你是問
為利是圖,唯利是圖
唯我獨專,唯我獨尊
善男順女,善男信女
喊虎喊忽,喊苦喊忽
嘈怨巴閉,嘈冤巴閉
虛寒問暖,噓寒問暖
因乜解救,因乜解究
因事制宜,因時制宜
土制炸彈,土製炸彈
地大脈博,地大物博
地深吸力,地心吸力
座地起價,坐地起價
垂死爭扎,垂死掙扎
埋身肉博,埋身肉搏
基因改做,基因改造
基因特變,基因突變
默守成規,墨守成規
多多包函,多多包涵
多多包含,多多包涵
夜欄人靜,夜闌人靜
夜蘭人靜,夜闌人靜
大勢所催,大勢所趨
大同少異,大同小異
大放異采,大放異彩
大事大非,大是大非
大鑊全勝,大獲全勝
大話連編,大話連篇
大費周張,大費周章
大開殺界,大開殺戒
大開眼戒,大開眼界
天之嬌子,天之驕子
天荒夜談,天方夜談
天荒夜譚,天方夜譚
天時地理,天時地利
天生異品,天生異稟
天方地老,天荒地老
太陽能版,太陽能板
移為平地,夷為平地
奉子承婚,奉子成婚
好自為知,好自為之
如出一徹,如出一轍
餘此類推,如此類推
始作佣者,始作俑者
姦淫虜掠,姦淫擄掠
疾惡如仇,嫉惡如仇
焉然一笑,嫣然一笑
驕生慣養,嬌生慣養
字字珠機,字字珠璣
沽注一擲,孤注一擲
孤漏寡聞,孤陋寡聞
手望相助,守望相助
安落茶飯,安樂茶飯
原好無缺,完好無缺
完美主意,完美主義
完美演譯,完美演繹
完美無暇,完美無瑕
完美試範,完美示範
定時定後,定時定候
寄人離下,寄人籬下
實報實消,實報實銷
實至明歸,實至名歸
實致名歸,實至名歸
將心俾己,將心比己
將心彼己,將心比己
張心比己,將心比己
對正下藥,對症下藥
對薄公堂,對簿公堂
小賭宜情,小賭怡情
小題大造,小題大做
小數族裔,少數族裔
小數民族,少數民族
小見多怪,少見多怪
上方寶劍,尚方寶劍
屍橫片野,屍橫遍野
陳出不窮,層出不窮
鋒迴路轉,峰迴路轉
風迴路轉,峰迴路轉
左右逢緣,左右逢源
巧立明目,巧立名目
戴眼識人,帶眼識人
評心而論,平心而論
平衡宇宙,平行宇宙
平衡時空,平行時空
平起平座,平起平坐
年終無休,年中無休
年時已高,年事已高
幸災落禍,幸災樂禍
庸姿俗粉,庸脂俗粉
廢事彩你,廢事睬你
廢話小講,廢話少講
引疚辭職,引咎辭職
引蛇出動,引蛇出洞
言外之音,弦外之音
張弛有道,張弛有度
張馳有度,張弛有度
詢眾要求,徇眾要求
得不嘗失,得不償失
得嘗所願,得償所願
得串進尺,得寸進尺
鬆容不迫,從容不迫
從詳計議,從長計議
重頭到尾,從頭到尾
心率不正,心律不正
心浮氣燥,心浮氣躁
心灰已冷,心灰意冷
心煩氣燥,心煩氣躁
心恨手辣,心狠手辣
生理準備,心理準備
心甘命底,心甘命抵
心理有數,心裏有數
心路歷情,心路歷程
生路歷程,心路歷程
至在參與,志在參與
念念不忙,念念不忘
忽發其想,忽發奇想
急攻近利,急功近利
急流湧退,急流勇退
怨天由人,怨天尤人
怪唔知得,怪唔之得
怪唔得知,怪唔得之
似熟賣熟,恃熟賣熟
似老賣老,恃老賣老
持老賣老,恃老賣老
晃然大悟,恍然大悟
恐佈主義,恐怖主義
恐佈份子,恐怖份子
恐佈組織,恐怖組織
恐佈襲擊,恐怖襲擊
恨死隔離,恨死隔籬
洽到好處,恰到好處
悉隨專便,悉隨尊便
情何以憾,情何以堪
情可以堪,情何以堪
情有可源,情有可原
情有可願,情有可原
情有獨鐘,情有獨鍾
惡性巡環,惡性循環
怒羞成怒,惱羞成怒
腦羞成怒,惱羞成怒
惹是生非,惹事生非
惺惺相識,惺惺相惜
以氣用事,意氣用事
愛不惜手,愛不釋手
慘不忍賭,慘不忍睹
慳番淡氣,慳番啖氣
慳返淡氣,慳返啖氣
成皇敗寇,成王敗寇
或多或小,或多或少
所剩無己,所剩無幾
手文之誤,手民之誤
手無串鐵,手無寸鐵
財高八斗,才高八斗
打回完形,打回原形
打情罵悄,打情罵俏
打鐵襯熱,打鐵趁熱
成你貴言,承你貴言
披麻帶孝,披麻戴孝
拍拍籮友,拍拍籮柚
指名導姓,指名道姓
指明道姓,指名道姓
旨日可待,指日可待
按步就班,按部就班
挨身挨世,挨身挨勢
震奮人心,振奮人心
足襟見肘,捉襟見肘
卷土重來,捲土重來
爭扎求存,掙扎求存
推倒從來,推倒重來
簡飲擇食,揀飲擇食
提心吊擔,提心吊膽
插裝嫁禍,插贓嫁禍
賊贓嫁禍,插贓嫁禍
撥亂返正,撥亂反正
檔風玻璃,擋風玻璃
擺明居馬,擺明車馬
收賣人心,收買人心
改過自身,改過自新
放長相眼,放長雙眼
固態復萌,故態復萌
生陳代謝,新陳代謝
身陳代謝,新陳代謝
斷章取意,斷章取義
段章取義,斷章取義
於是無補,於事無補
司政報告,施政報告
日曬雨林,日曬雨淋
日灑雨淋,日曬雨淋
逆地而處,易地而處
事非不分,是非不分
時而世易,時移世易
時而勢易,時移勢易
時晨八字,時辰八字
神早流流,晨早流流
更新人士,更生人士
曾幾可時,曾幾何時
最低公資,最低工資
最底工資,最低工資
最後通碟,最後通牒
最後通諜,最後通牒
有持無恐,有恃無恐
有目共賭,有目共睹
有買襯手,有買趁手
有板你睇,有辦你睇
有版你睇,有辦你睇
望天打掛,望天打卦
未尚不可,未嘗不可
未知知數,未知之數
本沒倒置,本末倒置
標其立異,標奇立異
標奇立意,標奇立異
無棱兩可,模棱兩可
無稜兩可,模稜兩可
像膠子彈,橡膠子彈
還死掂死,橫死掂死
慾求不滿,欲求不滿
慾罷不能,欲罷不能
歡喜怨家,歡喜冤家
始起彼落,此起彼落
死都臨頭,死到臨頭
死口唔應,死口唔認
死心不惜,死心不息
殺生之禍,殺身之禍
氣弱游絲,氣若游絲
氣若柔絲,氣若游絲
氣若遊絲,氣若游絲
水肚不服,水土不服
水性揚花,水性楊花
水性陽花,水性楊花
永不超身,永不超生
江朗才盡,江郎才盡
污糟邋塌,污糟邋遢
尋冤得雪,沉冤得雪
充昏頭腦,沖昏頭腦
留芳百世,流芳百世
浪得虛明,浪得虛名
浴火重新,浴火重生
心思熟慮,深思熟慮
混身解數,渾身解數
蒼海遺珠,滄海遺珠
漁翁散網,漁翁撒網
莫不關心,漠不關心
慢無目的,漫無目的
萬無目的,漫無目的
漸入佳景,漸入佳境
潛而默化,潛移默化
頻臨絕種,瀕臨絕種
抄埋一碟,炒埋一碟
為世所逼,為勢所逼
為國捐驅,為國捐軀
污合之眾,烏合之眾
峰火連天,烽火連天
峰煙四起,烽煙四起
烽煙四喜,烽煙四起
無可口非,無可厚非
無何否認,無可否認
無可否應,無可否認
無何奈何,無可奈何
無可奈可,無可奈何
無堅不催,無堅不摧
無其不有,無奇不有
無影無縱,無影無蹤
無業遊民,無業游民
無端百事,無端白事
無原無故,無緣無故
無源無故,無緣無故
無逢接軌,無縫接軌
無補於是,無補於事
無關痛養,無關痛癢
爐火純清,爐火純青
物競天澤,物競天擇
狂風浪蝶,狂蜂浪蝶
差包剪揼,猜包剪揼
獨一無異,獨一無二
獨孤一味,獨沽一味
獲利回套,獲利回吐
玉王大帝,玉皇大帝
理直氣狀,理直氣壯
甘敗下風,甘拜下風
甜言密語,甜言蜜語
生死悠關,生死攸關
心理時鐘,生理時鐘
用人為親,用人唯親
由上以下,由上而下
由始自終,由始至終
由細都大,由細到大
畏手畏尾,畏首畏尾
畢身難忘,畢生難忘
略盡棉力,略盡綿力
畫龍點精,畫龍點睛
異曲同弓,異曲同工
碟埋心水,疊埋心水
跌埋心水,疊埋心水
發人深醒,發人深省
發陽光大,發揚光大
白字黑字,白紙黑字
白紙黑紙,白紙黑字
白色恐佈,白色恐怖
百步穿揚,百步穿楊
百詞莫辯,百辭莫辯
誠意拳拳,盛意拳拳
相題並論,相提並論
相輔相乘,相輔相成
相輔相承,相輔相成
真才實料,真材實料
真金百銀,真金白銀
眼花撩亂,眼花繚亂
眼花瞭亂,眼花繚亂
眼高手底,眼高手低
眾志城城,眾志成城
啋佢都傻,睬佢都傻
彩佢都傻,睬佢都傻
采佢都傻,睬佢都傻
知明人士,知名人士
智識分子,知識分子
智識產權,知識產權
嬌枉過正,矯枉過正
撟枉過正,矯枉過正
破斧沉舟,破釜沉舟
神乎奇技,神乎其技
神僧鬼厭,神憎鬼厭
神彩飛揚,神采飛揚
神魂癲倒,神魂顛倒
禮儀廉恥,禮義廉恥
私相授授,私相授受
秋後算脹,秋後算賬
穿洲過省,穿州過省
突如奇來,突如其來
突如期來,突如其來
特飛猛進,突飛猛進
立桿見影,立竿見影
第一捅金,第一桶金
折哀順變,節哀順變
節哀順便,節哀順變
精神分烈,精神分裂
紀律步隊,紀律部隊
記律部隊,紀律部隊
紫醉金迷,紙醉金迷
細微細眼,細眉細眼
搞盡腦汁,絞盡腦汁
攪盡腦汁,絞盡腦汁
經驗老道,經驗老到
援兵之計,緩兵之計
馨竹難書,罄竹難書
最大惡極,罪大惡極
群情兇湧,群情洶湧
群情凶湧,群情洶湧
習已為常,習以為常
集非成是,習非成是
老謀心算,老謀深算
聚精匯神,聚精會神
聽過隔離,聽過隔籬
事無忌憚,肆無忌憚
肆無忌彈,肆無忌憚
能屈能申,能屈能伸
自以為事,自以為是
自力更新,自力更生
自吹自雷,自吹自擂
自我彭脹,自我膨脹
自我澎脹,自我膨脹
自投羅莽,自投羅網
自身自滅,自生自滅
自傷殘殺,自相殘殺
自傷矛盾,自相矛盾
自知之名,自知之明
自知知明,自知之明
自知自明,自知之明
自然自語,自言自語
自付盈虧,自負盈虧
至理明言,至理名言
與人無由,與人無尤
與身俱來,與生俱來
舉旗不定,舉棋不定
舉腳讚成,舉腳贊成
苟延殘存,苟延殘喘
英雄主意,英雄主義
莫名奇妙,莫名其妙
莫明奇妙,莫明其妙
平水相逢,萍水相逢
萬劫不服,萬劫不復
萬事萬靈,萬試萬靈
落慌而逃,落荒而逃
蛇鼠一鍋,蛇鼠一窩
血盤大口,血盆大口
血肉之驅,血肉之軀
恆之有效,行之有效
行屍酒肉,行屍走肉
行差搭錯,行差踏錯
衣官禽獸,衣冠禽獸
衣食無休,衣食無憂
表露無違,表露無遺
就手旁觀,袖手旁觀
群帶關係,裙帶關係
見人見智,見仁見智
見仁見志,見仁見智
見死不夠,見死不救
見風駛陀,見風駛舵
親歷其景,親歷其境
訓練有數,訓練有素
切身處地,設身處地
語無論次,語無倫次
語無輪次,語無倫次
談可容易,談何容易
委過於人,諉過於人
諗心一層,諗深一層
畏疾忌醫,諱疾忌醫
謝主龍恩,謝主隆恩
變本加勵,變本加厲
貞節排坊,貞節牌坊
貪心怕死,貪生怕死
資本主意,資本主義
走夾唔頭,走夾唔唞
走頭無路,走投無路
起死回身,起死回生
襯低吸納,趁低吸納
襯火打劫,趁火打劫
趨之若騖,趨之若鶩
跳草群舞,跳草裙舞
躝屍格路,躝屍趷路
身先事卒,身先士卒
心同感受,身同感受
輕舉莽動,輕舉妄動
轉彎末角,轉彎抹角
轉而視線,轉移視線
農歷新年,農曆新年
迎難以上,迎難而上
返樸歸真,返璞歸真
果然不同,迥然不同
迫不得意,迫不得已
迫於無耐,迫於無奈
消遙快活,逍遙快活
消遙法外,逍遙法外
做福人群,造福人群
遇人不熟,遇人不淑
游魂野鬼,遊魂野鬼
偏地開花,遍地開花
片地開花,遍地開花
片地黃金,遍地黃金
片體鱗傷,遍體鱗傷
過橋抽版,過橋抽板
道德倫亡,道德淪亡
適可宜止,適可而止
郁身郁世,郁身郁勢
從新做人,重新做人
從新嚟過,重新嚟過
重滔覆轍,重蹈覆轍
重蹈覆徹,重蹈覆轍
量力以為,量力而為
金精火眼,金睛火眼
金壁輝煌,金碧輝煌
挺而走險,鋌而走險
挫強扶弱,鋤強扶弱
舖天蓋地,鋪天蓋地
錯縱複雜,錯綜複雜
轉牛角尖,鑽牛角尖
長廂廝守,長相廝守
長編大論,長篇大論
長途拔涉,長途跋涉
閉露電視,閉路電視
開天辟地,開天闢地
開宗名義,開宗明義
阻頭阻世,阻頭阻勢
隔離鄰舍,隔籬鄰舍
隔離飯香,隔籬飯香
險象橫生,險象環生
隱性埋名,隱姓埋名
集體回億,集體回憶
雙劍合壁,雙劍合璧
雙重國藉,雙重國籍
相重標準,雙重標準
雞無鴨血,雞毛鴨血
雞水咁多,雞碎咁多
難以至信,難以置信
難以致信,難以置信
難以言語,難以言喻
難言之忍,難言之隱
難辭其疚,難辭其咎
青梅足馬,青梅竹馬
順奇自然,順其自然
順期自然,順其自然
順帶一題,順帶一提
順利成章,順理成章
頭暈身慶,頭暈身㷫
頭暈身興,頭暈身㷫
癲倒是非,顛倒是非
顛倒事非,顛倒是非
癲倒黑白,顛倒黑白
故名思義,顧名思義
風山水起,風生水起
漂洋過海,飄洋過海
首開記錄,首開紀錄
骨排效應,骨牌效應
體無原膚,體無完膚
高台貴手,高抬貴手
高枱貴手,高抬貴手
高空襲物,高空擲物
高空雜物,高空擲物
鬼五馬綠,鬼五馬六
鬼晒咁嘈,鬼殺咁嘈
麻目不仁,麻木不仁
皇袍加身,黃袍加身
頂力支持,鼎力支持
龍蛇混集,龍蛇混雜
龍鳳情祥,龍鳳呈祥
