jyutping	yale_numbers	cantonese_pinyin	sidney_lau
aa1	a1	aa1	a1
aa2	a2	aa2	a2
aa3	a3	aa3	a3
aa4	a4	aa4	a4
aa5	a5	aa5	a5
aa6	a6	aa6	a6
aai1	aai1	aai1	aai1
aai2	aai2	aai2	aai2
aai3	aai3	aai3	aai3
aai4	aai4	aai4	aai4
aai5	aai5	aai5	aai5
aai6	aai6	aai6	aai6
aak2	aak2	aak2	aak2
aak1	aak1	aak7	aak1
aak3	aak3	aak8	aak3
aak6	aak6	aak9	aak6
aam1	aam1	aam1	aam1
aam2	aam2	aam2	aam2
aam3	aam3	aam3	aam3
aam4	aam4	aam4	aam4
aam5	aam5	aam5	aam5
aam6	aam6	aam6	aam6
aan1	aan1	aan1	aan1
aan2	aan2	aan2	aan2
aan3	aan3	aan3	aan3
aan4	aan4	aan4	aan4
aan5	aan5	aan5	aan5
aan6	aan6	aan6	aan6
aang1	aang1	aang1	aang1
aang2	aang2	aang2	aang2
aang3	aang3	aang3	aang3
aang4	aang4	aang4	aang4
aang5	aang5	aang5	aang5
aang6	aang6	aang6	aang6
aap2	aap2	aap2	aap2
aap1	aap1	aap7	aap1
aap3	aap3	aap8	aap3
aap6	aap6	aap9	aap6
aat2	aat2	aat2	aat2
aat1	aat1	aat7	aat1
aat3	aat3	aat8	aat3
aat6	aat6	aat9	aat6
aau1	aau1	aau1	aau1
aau2	aau2	aau2	aau2
aau3	aau3	aau3	aau3
aau4	aau4	aau4	aau4
aau5	aau5	aau5	aau5
aau6	aau6	aau6	aau6
ai1	ai1	ai1	ai1
ai2	ai2	ai2	ai2
ai3	ai3	ai3	ai3
ai4	ai4	ai4	ai4
ai5	ai5	ai5	ai5
ai6	ai6	ai6	ai6
ak2	ak2	ak2	ak2
ak1	ak1	ak7	ak1
ak3	ak3	ak8	ak3
ak6	ak6	ak9	ak6
am1	am1	am1	am1
am2	am2	am2	am2
am3	am3	am3	am3
am4	am4	am4	am4
am5	am5	am5	am5
am6	am6	am6	am6
an1	an1	an1	an1
an2	an2	an2	an2
an3	an3	an3	an3
an4	an4	an4	an4
an5	an5	an5	an5
an6	an6	an6	an6
ang1	ang1	ang1	ang1
ang2	ang2	ang2	ang2
ang3	ang3	ang3	ang3
ang4	ang4	ang4	ang4
ang5	ang5	ang5	ang5
ang6	ang6	ang6	ang6
ap2	ap2	ap2	ap2
ap1	ap1	ap7	ap1
ap3	ap3	ap8	ap3
ap6	ap6	ap9	ap6
at2	at2	at2	at2
at1	at1	at7	at1
at3	at3	at8	at3
at6	at6	at9	at6
au1	au1	au1	au1
au2	au2	au2	au2
au3	au3	au3	au3
au4	au4	au4	au4
au5	au5	au5	au5
au6	au6	au6	au6
baa1	ba1	baa1	ba1
baa2	ba2	baa2	ba2
baa3	ba3	baa3	ba3
baa4	ba4	baa4	ba4
baa5	ba5	baa5	ba5
baa6	ba6	baa6	ba6
baai1	baai1	baai1	baai1
baai2	baai2	baai2	baai2
baai3	baai3	baai3	baai3
baai4	baai4	baai4	baai4
baai5	baai5	baai5	baai5
baai6	baai6	baai6	baai6
baak2	baak2	baak2	baak2
baak1	baak1	baak7	baak1
baak3	baak3	baak8	baak3
baak6	baak6	baak9	baak6
baan1	baan1	baan1	baan1
baan2	baan2	baan2	baan2
baan3	baan3	baan3	baan3
baan4	baan4	baan4	baan4
baan5	baan5	baan5	baan5
baan6	baan6	baan6	baan6
baang1	baang1	baang1	baang1
baang2	baang2	baang2	baang2
baang3	baang3	baang3	baang3
baang4	baang4	baang4	baang4
baang5	baang5	baang5	baang5
baang6	baang6	baang6	baang6
baat2	baat2	baat2	baat2
baat1	baat1	baat7	baat1
baat3	baat3	baat8	baat3
baat6	baat6	baat9	baat6
baau1	baau1	baau1	baau1
baau2	baau2	baau2	baau2
baau3	baau3	baau3	baau3
baau4	baau4	baau4	baau4
baau5	baau5	baau5	baau5
baau6	baau6	baau6	baau6
bai1	bai1	bai1	bai1
bai2	bai2	bai2	bai2
bai3	bai3	bai3	bai3
bai4	bai4	bai4	bai4
bai5	bai5	bai5	bai5
bai6	bai6	bai6	bai6
bak2	bak2	bak2	bak2
bak1	bak1	bak7	bak1
bak3	bak3	bak8	bak3
bak6	bak6	bak9	bak6
bam1	bam1	bam1	bam1
bam2	bam2	bam2	bam2
bam3	bam3	bam3	bam3
bam4	bam4	bam4	bam4
bam5	bam5	bam5	bam5
bam6	bam6	bam6	bam6
ban1	ban1	ban1	ban1
ban2	ban2	ban2	ban2
ban3	ban3	ban3	ban3
ban4	ban4	ban4	ban4
ban5	ban5	ban5	ban5
ban6	ban6	ban6	ban6
bang1	bang1	bang1	bang1
bang2	bang2	bang2	bang2
bang3	bang3	bang3	bang3
bang4	bang4	bang4	bang4
bang5	bang5	bang5	bang5
bang6	bang6	bang6	bang6
bat2	bat2	bat2	bat2
bat1	bat1	bat7	bat1
bat3	bat3	bat8	bat3
bat6	bat6	bat9	bat6
bau1	bau1	bau1	bau1
bau2	bau2	bau2	bau2
bau3	bau3	bau3	bau3
bau4	bau4	bau4	bau4
bau5	bau5	bau5	bau5
bau6	bau6	bau6	bau6
be1	be1	be1	be1
be2	be2	be2	be2
be3	be3	be3	be3
be4	be4	be4	be4
be5	be5	be5	be5
be6	be6	be6	be6
bei1	bei1	bei1	bei1
bei2	bei2	bei2	bei2
bei3	bei3	bei3	bei3
bei4	bei4	bei4	bei4
bei5	bei5	bei5	bei5
bei6	bei6	bei6	bei6
bek2	bek2	bek2	bek2
bek1	bek1	bek7	bek1
bek3	bek3	bek8	bek3
bek6	bek6	bek9	bek6
ben1	ben1	ben1	ben1
ben2	ben2	ben2	ben2
ben3	ben3	ben3	ben3
ben4	ben4	ben4	ben4
ben5	ben5	ben5	ben5
ben6	ben6	ben6	ben6
beng1	beng1	beng1	beng1
beng2	beng2	beng2	beng2
beng3	beng3	beng3	beng3
beng4	beng4	beng4	beng4
beng5	beng5	beng5	beng5
beng6	beng6	beng6	beng6
bi1	bi1	bi1	bi1
bi2	bi2	bi2	bi2
bi3	bi3	bi3	bi3
bi4	bi4	bi4	bi4
bi5	bi5	bi5	bi5
bi6	bi6	bi6	bi6
bik2	bik2	bik2	bik2
bik1	bik1	bik7	bik1
bik3	bik3	bik8	bik3
bik6	bik6	bik9	bik6
bin1	bin1	bin1	bin1
bin2	bin2	bin2	bin2
bin3	bin3	bin3	bin3
bin4	bin4	bin4	bin4
bin5	bin5	bin5	bin5
bin6	bin6	bin6	bin6
bing1	bing1	bing1	bing1
bing2	bing2	bing2	bing2
bing3	bing3	bing3	bing3
bing4	bing4	bing4	bing4
bing5	bing5	bing5	bing5
bing6	bing6	bing6	bing6
bit2	bit2	bit2	bit2
bit1	bit1	bit7	bit1
bit3	bit3	bit8	bit3
bit6	bit6	bit9	bit6
biu1	biu1	biu1	biu1
biu2	biu2	biu2	biu2
biu3	biu3	biu3	biu3
biu4	biu4	biu4	biu4
biu5	biu5	biu5	biu5
biu6	biu6	biu6	biu6
bo1	bo1	bo1	boh1
bo2	bo2	bo2	boh2
bo3	bo3	bo3	boh3
bo4	bo4	bo4	boh4
bo5	bo5	bo5	boh5
bo6	bo6	bo6	boh6
bok2	bok2	bok2	bok2
bok1	bok1	bok7	bok1
bok3	bok3	bok8	bok3
bok6	bok6	bok9	bok6
bong1	bong1	bong1	bong1
bong2	bong2	bong2	bong2
bong3	bong3	bong3	bong3
bong4	bong4	bong4	bong4
bong5	bong5	bong5	bong5
bong6	bong6	bong6	bong6
bou1	bou1	bou1	bo1
bou2	bou2	bou2	bo2
bou3	bou3	bou3	bo3
bou4	bou4	bou4	bo4
bou5	bou5	bou5	bo5
bou6	bou6	bou6	bo6
bui1	bui1	bui1	booi1
bui2	bui2	bui2	booi2
bui3	bui3	bui3	booi3
bui4	bui4	bui4	booi4
bui5	bui5	bui5	booi5
bui6	bui6	bui6	booi6
buk2	buk2	buk2	buk2
buk1	buk1	buk7	buk1
buk3	buk3	buk8	buk3
buk6	buk6	buk9	buk6
bun1	bun1	bun1	boon1
bun2	bun2	bun2	boon2
bun3	bun3	bun3	boon3
bun4	bun4	bun4	boon4
bun5	bun5	bun5	boon5
bun6	bun6	bun6	boon6
bung1	bung1	bung1	bung1
bung2	bung2	bung2	bung2
bung3	bung3	bung3	bung3
bung4	bung4	bung4	bung4
bung5	bung5	bung5	bung5
bung6	bung6	bung6	bung6
but2	but2	but2	boot2
but1	but1	but7	boot1
but3	but3	but8	boot3
but6	but6	but9	boot6
caa1	cha1	tsaa1	cha1
caa2	cha2	tsaa2	cha2
caa3	cha3	tsaa3	cha3
caa4	cha4	tsaa4	cha4
caa5	cha5	tsaa5	cha5
caa6	cha6	tsaa6	cha6
caai1	chaai1	tsaai1	chaai1
caai2	chaai2	tsaai2	chaai2
caai3	chaai3	tsaai3	chaai3
caai4	chaai4	tsaai4	chaai4
caai5	chaai5	tsaai5	chaai5
caai6	chaai6	tsaai6	chaai6
caak2	chaak2	tsaak2	chaak2
caak1	chaak1	tsaak7	chaak1
caak3	chaak3	tsaak8	chaak3
caak6	chaak6	tsaak9	chaak6
caam1	chaam1	tsaam1	chaam1
caam2	chaam2	tsaam2	chaam2
caam3	chaam3	tsaam3	chaam3
caam4	chaam4	tsaam4	chaam4
caam5	chaam5	tsaam5	chaam5
caam6	chaam6	tsaam6	chaam6
caan1	chaan1	tsaan1	chaan1
caan2	chaan2	tsaan2	chaan2
caan3	chaan3	tsaan3	chaan3
caan4	chaan4	tsaan4	chaan4
caan5	chaan5	tsaan5	chaan5
caan6	chaan6	tsaan6	chaan6
caang1	chaang1	tsaang1	chaang1
caang2	chaang2	tsaang2	chaang2
caang3	chaang3	tsaang3	chaang3
caang4	chaang4	tsaang4	chaang4
caang5	chaang5	tsaang5	chaang5
caang6	chaang6	tsaang6	chaang6
caap2	chaap2	tsaap2	chaap2
caap1	chaap1	tsaap7	chaap1
caap3	chaap3	tsaap8	chaap3
caap6	chaap6	tsaap9	chaap6
caat2	chaat2	tsaat2	chaat2
caat1	chaat1	tsaat7	chaat1
caat3	chaat3	tsaat8	chaat3
caat6	chaat6	tsaat9	chaat6
caau1	chaau1	tsaau1	chaau1
caau2	chaau2	tsaau2	chaau2
caau3	chaau3	tsaau3	chaau3
caau4	chaau4	tsaau4	chaau4
caau5	chaau5	tsaau5	chaau5
caau6	chaau6	tsaau6	chaau6
cai1	chai1	tsai1	chai1
cai2	chai2	tsai2	chai2
cai3	chai3	tsai3	chai3
cai4	chai4	tsai4	chai4
cai5	chai5	tsai5	chai5
cai6	chai6	tsai6	chai6
cak2	chak2	tsak2	chak2
cak1	chak1	tsak7	chak1
cak3	chak3	tsak8	chak3
cak6	chak6	tsak9	chak6
cam1	cham1	tsam1	cham1
cam2	cham2	tsam2	cham2
cam3	cham3	tsam3	cham3
cam4	cham4	tsam4	cham4
cam5	cham5	tsam5	cham5
cam6	cham6	tsam6	cham6
can1	chan1	tsan1	chan1
can2	chan2	tsan2	chan2
can3	chan3	tsan3	chan3
can4	chan4	tsan4	chan4
can5	chan5	tsan5	chan5
can6	chan6	tsan6	chan6
cang1	chang1	tsang1	chang1
cang2	chang2	tsang2	chang2
cang3	chang3	tsang3	chang3
cang4	chang4	tsang4	chang4
cang5	chang5	tsang5	chang5
cang6	chang6	tsang6	chang6
cap2	chap2	tsap2	chap2
cap1	chap1	tsap7	chap1
cap3	chap3	tsap8	chap3
cap6	chap6	tsap9	chap6
cat2	chat2	tsat2	chat2
cat1	chat1	tsat7	chat1
cat3	chat3	tsat8	chat3
cat6	chat6	tsat9	chat6
cau1	chau1	tsau1	chau1
cau2	chau2	tsau2	chau2
cau3	chau3	tsau3	chau3
cau4	chau4	tsau4	chau4
cau5	chau5	tsau5	chau5
cau6	chau6	tsau6	chau6
ce1	che1	tse1	che1
ce2	che2	tse2	che2
ce3	che3	tse3	che3
ce4	che4	tse4	che4
ce5	che5	tse5	che5
ce6	che6	tse6	che6
cek2	chek2	tsek2	chek2
cek1	chek1	tsek7	chek1
cek3	chek3	tsek8	chek3
cek6	chek6	tsek9	chek6
ceng1	cheng1	tseng1	cheng1
ceng2	cheng2	tseng2	cheng2
ceng3	cheng3	tseng3	cheng3
ceng4	cheng4	tseng4	cheng4
ceng5	cheng5	tseng5	cheng5
ceng6	cheng6	tseng6	cheng6
ceoi1	cheui1	tsoey1	chui1
ceoi2	cheui2	tsoey2	chui2
ceoi3	cheui3	tsoey3	chui3
ceoi4	cheui4	tsoey4	chui4
ceoi5	cheui5	tsoey5	chui5
ceoi6	cheui6	tsoey6	chui6
coek2	cheuk2	tsoek2	cheuk2
coek1	cheuk1	tsoek7	cheuk1
coek3	cheuk3	tsoek8	cheuk3
coek6	cheuk6	tsoek9	cheuk6
ceon1	cheun1	tsoen1	chun1
ceon2	cheun2	tsoen2	chun2
ceon3	cheun3	tsoen3	chun3
ceon4	cheun4	tsoen4	chun4
ceon5	cheun5	tsoen5	chun5
ceon6	cheun6	tsoen6	chun6
coeng1	cheung1	tsoeng1	cheung1
coeng2	cheung2	tsoeng2	cheung2
coeng3	cheung3	tsoeng3	cheung3
coeng4	cheung4	tsoeng4	cheung4
coeng5	cheung5	tsoeng5	cheung5
coeng6	cheung6	tsoeng6	cheung6
ceot2	cheut2	tsoet2	chut2
ceot1	cheut1	tsoet7	chut1
ceot3	cheut3	tsoet8	chut3
ceot6	cheut6	tsoet9	chut6
ci1	chi1	tsi1	chi1
ci2	chi2	tsi2	chi2
ci3	chi3	tsi3	chi3
ci4	chi4	tsi4	chi4
ci5	chi5	tsi5	chi5
ci6	chi6	tsi6	chi6
cik2	chik2	tsik2	chik2
cik1	chik1	tsik7	chik1
cik3	chik3	tsik8	chik3
cik6	chik6	tsik9	chik6
cim1	chim1	tsim1	chim1
cim2	chim2	tsim2	chim2
cim3	chim3	tsim3	chim3
cim4	chim4	tsim4	chim4
cim5	chim5	tsim5	chim5
cim6	chim6	tsim6	chim6
cin1	chin1	tsin1	chin1
cin2	chin2	tsin2	chin2
cin3	chin3	tsin3	chin3
cin4	chin4	tsin4	chin4
cin5	chin5	tsin5	chin5
cin6	chin6	tsin6	chin6
cing1	ching1	tsing1	ching1
cing2	ching2	tsing2	ching2
cing3	ching3	tsing3	ching3
cing4	ching4	tsing4	ching4
cing5	ching5	tsing5	ching5
cing6	ching6	tsing6	ching6
cip2	chip2	tsip2	chip2
cip1	chip1	tsip7	chip1
cip3	chip3	tsip8	chip3
cip6	chip6	tsip9	chip6
cit2	chit2	tsit2	chit2
cit1	chit1	tsit7	chit1
cit3	chit3	tsit8	chit3
cit6	chit6	tsit9	chit6
ciu1	chiu1	tsiu1	chiu1
ciu2	chiu2	tsiu2	chiu2
ciu3	chiu3	tsiu3	chiu3
ciu4	chiu4	tsiu4	chiu4
ciu5	chiu5	tsiu5	chiu5
ciu6	chiu6	tsiu6	chiu6
co1	cho1	tso1	choh1
co2	cho2	tso2	choh2
co3	cho3	tso3	choh3
co4	cho4	tso4	choh4
co5	cho5	tso5	choh5
co6	cho6	tso6	choh6
coi1	choi1	tsoi1	choi1
coi2	choi2	tsoi2	choi2
coi3	choi3	tsoi3	choi3
coi4	choi4	tsoi4	choi4
coi5	choi5	tsoi5	choi5
coi6	choi6	tsoi6	choi6
cok2	chok2	tsok2	chok2
cok1	chok1	tsok7	chok1
cok3	chok3	tsok8	chok3
cok6	chok6	tsok9	chok6
cong1	chong1	tsong1	chong1
cong2	chong2	tsong2	chong2
cong3	chong3	tsong3	chong3
cong4	chong4	tsong4	chong4
cong5	chong5	tsong5	chong5
cong6	chong6	tsong6	chong6
cou1	chou1	tsou1	cho1
cou2	chou2	tsou2	cho2
cou3	chou3	tsou3	cho3
cou4	chou4	tsou4	cho4
cou5	chou5	tsou5	cho5
cou6	chou6	tsou6	cho6
cuk2	chuk2	tsuk2	chuk2
cuk1	chuk1	tsuk7	chuk1
cuk3	chuk3	tsuk8	chuk3
cuk6	chuk6	tsuk9	chuk6
cung1	chung1	tsung1	chung1
cung2	chung2	tsung2	chung2
cung3	chung3	tsung3	chung3
cung4	chung4	tsung4	chung4
cung5	chung5	tsung5	chung5
cung6	chung6	tsung6	chung6
cyu1	chyu1	tsy1	chue1
cyu2	chyu2	tsy2	chue2
cyu3	chyu3	tsy3	chue3
cyu4	chyu4	tsy4	chue4
cyu5	chyu5	tsy5	chue5
cyu6	chyu6	tsy6	chue6
cyun1	chyun1	tsyn1	chuen1
cyun2	chyun2	tsyn2	chuen2
cyun3	chyun3	tsyn3	chuen3
cyun4	chyun4	tsyn4	chuen4
cyun5	chyun5	tsyn5	chuen5
cyun6	chyun6	tsyn6	chuen6
cyut2	chyut2	tsyt2	chuet2
cyut1	chyut1	tsyt7	chuet1
cyut3	chyut3	tsyt8	chuet3
cyut6	chyut6	tsyt9	chuet6
daa1	da1	daa1	da1
daa2	da2	daa2	da2
daa3	da3	daa3	da3
daa4	da4	daa4	da4
daa5	da5	daa5	da5
daa6	da6	daa6	da6
daai1	daai1	daai1	daai1
daai2	daai2	daai2	daai2
daai3	daai3	daai3	daai3
daai4	daai4	daai4	daai4
daai5	daai5	daai5	daai5
daai6	daai6	daai6	daai6
daak2	daak2	daak2	daak2
daak1	daak1	daak7	daak1
daak3	daak3	daak8	daak3
daak6	daak6	daak9	daak6
daam1	daam1	daam1	daam1
daam2	daam2	daam2	daam2
daam3	daam3	daam3	daam3
daam4	daam4	daam4	daam4
daam5	daam5	daam5	daam5
daam6	daam6	daam6	daam6
daan1	daan1	daan1	daan1
daan2	daan2	daan2	daan2
daan3	daan3	daan3	daan3
daan4	daan4	daan4	daan4
daan5	daan5	daan5	daan5
daan6	daan6	daan6	daan6
daang1	daang1	daang1	daang1
daang2	daang2	daang2	daang2
daang3	daang3	daang3	daang3
daang4	daang4	daang4	daang4
daang5	daang5	daang5	daang5
daang6	daang6	daang6	daang6
daap2	daap2	daap2	daap2
daap1	daap1	daap7	daap1
daap3	daap3	daap8	daap3
daap6	daap6	daap9	daap6
daat2	daat2	daat2	daat2
daat1	daat1	daat7	daat1
daat3	daat3	daat8	daat3
daat6	daat6	daat9	daat6
daau1	daau1	daau1	daau1
daau2	daau2	daau2	daau2
daau3	daau3	daau3	daau3
daau4	daau4	daau4	daau4
daau5	daau5	daau5	daau5
daau6	daau6	daau6	daau6
dai1	dai1	dai1	dai1
dai2	dai2	dai2	dai2
dai3	dai3	dai3	dai3
dai4	dai4	dai4	dai4
dai5	dai5	dai5	dai5
dai6	dai6	dai6	dai6
dak2	dak2	dak2	dak2
dak1	dak1	dak7	dak1
dak3	dak3	dak8	dak3
dak6	dak6	dak9	dak6
dam1	dam1	dam1	dam1
dam2	dam2	dam2	dam2
dam3	dam3	dam3	dam3
dam4	dam4	dam4	dam4
dam5	dam5	dam5	dam5
dam6	dam6	dam6	dam6
dan1	dan1	dan1	dan1
dan2	dan2	dan2	dan2
dan3	dan3	dan3	dan3
dan4	dan4	dan4	dan4
dan5	dan5	dan5	dan5
dan6	dan6	dan6	dan6
dang1	dang1	dang1	dang1
dang2	dang2	dang2	dang2
dang3	dang3	dang3	dang3
dang4	dang4	dang4	dang4
dang5	dang5	dang5	dang5
dang6	dang6	dang6	dang6
dap2	dap2	dap2	dap2
dap1	dap1	dap7	dap1
dap3	dap3	dap8	dap3
dap6	dap6	dap9	dap6
dat2	dat2	dat2	dat2
dat1	dat1	dat7	dat1
dat3	dat3	dat8	dat3
dat6	dat6	dat9	dat6
dau1	dau1	dau1	dau1
dau2	dau2	dau2	dau2
dau3	dau3	dau3	dau3
dau4	dau4	dau4	dau4
dau5	dau5	dau5	dau5
dau6	dau6	dau6	dau6
de1	de1	de1	de1
de2	de2	de2	de2
de3	de3	de3	de3
de4	de4	de4	de4
de5	de5	de5	de5
de6	de6	de6	de6
deu1	deeu1	deu1	deu1
deu2	deeu2	deu2	deu2
deu3	deeu3	deu3	deu3
deu4	deeu4	deu4	deu4
deu5	deeu5	deu5	deu5
deu6	deeu6	deu6	deu6
dei1	dei1	dei1	dei1
dei2	dei2	dei2	dei2
dei3	dei3	dei3	dei3
dei4	dei4	dei4	dei4
dei5	dei5	dei5	dei5
dei6	dei6	dei6	dei6
dek2	dek2	dek2	dek2
dek1	dek1	dek7	dek1
dek3	dek3	dek8	dek3
dek6	dek6	dek9	dek6
deng1	deng1	deng1	deng1
deng2	deng2	deng2	deng2
deng3	deng3	deng3	deng3
deng4	deng4	deng4	deng4
deng5	deng5	deng5	deng5
deng6	deng6	deng6	deng6
doe1	deu1	doe1	deuh1
doe2	deu2	doe2	deuh2
doe3	deu3	doe3	deuh3
doe4	deu4	doe4	deuh4
doe5	deu5	doe5	deuh5
doe6	deu6	doe6	deuh6
deoi1	deui1	doey1	dui1
deoi2	deui2	doey2	dui2
deoi3	deui3	doey3	dui3
deoi4	deui4	doey4	dui4
deoi5	deui5	doey5	dui5
deoi6	deui6	doey6	dui6
doek2	deuk2	doek2	deuk2
doek1	deuk1	doek7	deuk1
doek3	deuk3	doek8	deuk3
doek6	deuk6	doek9	deuk6
deon1	deun1	doen1	dun1
deon2	deun2	doen2	dun2
deon3	deun3	doen3	dun3
deon4	deun4	doen4	dun4
deon5	deun5	doen5	dun5
deon6	deun6	doen6	dun6
doeng1	deung1	doeng1	deung1
doeng2	deung2	doeng2	deung2
doeng3	deung3	doeng3	deung3
doeng4	deung4	doeng4	deung4
doeng5	deung5	doeng5	deung5
doeng6	deung6	doeng6	deung6
deot2	deut2	doet2	dut2
deot1	deut1	doet7	dut1
deot3	deut3	doet8	dut3
deot6	deut6	doet9	dut6
di1	di1	di1	di1
di2	di2	di2	di2
di3	di3	di3	di3
di4	di4	di4	di4
di5	di5	di5	di5
di6	di6	di6	di6
dik2	dik2	dik2	dik2
dik1	dik1	dik7	dik1
dik3	dik3	dik8	dik3
dik6	dik6	dik9	dik6
dim1	dim1	dim1	dim1
dim2	dim2	dim2	dim2
dim3	dim3	dim3	dim3
dim4	dim4	dim4	dim4
dim5	dim5	dim5	dim5
dim6	dim6	dim6	dim6
din1	din1	din1	din1
din2	din2	din2	din2
din3	din3	din3	din3
din4	din4	din4	din4
din5	din5	din5	din5
din6	din6	din6	din6
ding1	ding1	ding1	ding1
ding2	ding2	ding2	ding2
ding3	ding3	ding3	ding3
ding4	ding4	ding4	ding4
ding5	ding5	ding5	ding5
ding6	ding6	ding6	ding6
dip2	dip2	dip2	dip2
dip1	dip1	dip7	dip1
dip3	dip3	dip8	dip3
dip6	dip6	dip9	dip6
dit2	dit2	dit2	dit2
dit1	dit1	dit7	dit1
dit3	dit3	dit8	dit3
dit6	dit6	dit9	dit6
diu1	diu1	diu1	diu1
diu2	diu2	diu2	diu2
diu3	diu3	diu3	diu3
diu4	diu4	diu4	diu4
diu5	diu5	diu5	diu5
diu6	diu6	diu6	diu6
do1	do1	do1	doh1
do2	do2	do2	doh2
do3	do3	do3	doh3
do4	do4	do4	doh4
do5	do5	do5	doh5
do6	do6	do6	doh6
doi1	doi1	doi1	doi1
doi2	doi2	doi2	doi2
doi3	doi3	doi3	doi3
doi4	doi4	doi4	doi4
doi5	doi5	doi5	doi5
doi6	doi6	doi6	doi6
dok2	dok2	dok2	dok2
dok1	dok1	dok7	dok1
dok3	dok3	dok8	dok3
dok6	dok6	dok9	dok6
dong1	dong1	dong1	dong1
dong2	dong2	dong2	dong2
dong3	dong3	dong3	dong3
dong4	dong4	dong4	dong4
dong5	dong5	dong5	dong5
dong6	dong6	dong6	dong6
dou1	dou1	dou1	do1
dou2	dou2	dou2	do2
dou3	dou3	dou3	do3
dou4	dou4	dou4	do4
dou5	dou5	dou5	do5
dou6	dou6	dou6	do6
du1	du1	du1	doo1
du2	du2	du2	doo2
du3	du3	du3	doo3
du4	du4	du4	doo4
du5	du5	du5	doo5
du6	du6	du6	doo6
duk2	duk2	duk2	duk2
duk1	duk1	duk7	duk1
duk3	duk3	duk8	duk3
duk6	duk6	duk9	duk6
dung1	dung1	dung1	dung1
dung2	dung2	dung2	dung2
dung3	dung3	dung3	dung3
dung4	dung4	dung4	dung4
dung5	dung5	dung5	dung5
dung6	dung6	dung6	dung6
dyun1	dyun1	dyn1	duen1
dyun2	dyun2	dyn2	duen2
dyun3	dyun3	dyn3	duen3
dyun4	dyun4	dyn4	duen4
dyun5	dyun5	dyn5	duen5
dyun6	dyun6	dyn6	duen6
dyut2	dyut2	dyt2	duet2
dyut1	dyut1	dyt7	duet1
dyut3	dyut3	dyt8	duet3
dyut6	dyut6	dyt9	duet6
e1	e1	e1	e1
e2	e2	e2	e2
e3	e3	e3	e3
e4	e4	e4	e4
e5	e5	e5	e5
e6	e6	e6	e6
eu1	eeu1	eu1	eu1
eu2	eeu2	eu2	eu2
eu3	eeu3	eu3	eu3
eu4	eeu4	eu4	eu4
eu5	eeu5	eu5	eu5
eu6	eeu6	eu6	eu6
ei1	ei1	ei1	ei1
ei2	ei2	ei2	ei2
ei3	ei3	ei3	ei3
ei4	ei4	ei4	ei4
ei5	ei5	ei5	ei5
ei6	ei6	ei6	ei6
em1	em1	em1	em1
em2	em2	em2	em2
em3	em3	em3	em3
em4	em4	em4	em4
em5	em5	em5	em5
em6	em6	em6	em6
en1	en1	en1	en1
en2	en2	en2	en2
en3	en3	en3	en3
en4	en4	en4	en4
en5	en5	en5	en5
en6	en6	en6	en6
oe1	eu1	oe1	euh1
oe2	eu2	oe2	euh2
oe3	eu3	oe3	euh3
oe4	eu4	oe4	euh4
oe5	eu5	oe5	euh5
oe6	eu6	oe6	euh6
faa1	fa1	faa1	fa1
faa2	fa2	faa2	fa2
faa3	fa3	faa3	fa3
faa4	fa4	faa4	fa4
faa5	fa5	faa5	fa5
faa6	fa6	faa6	fa6
faai1	faai1	faai1	faai1
faai2	faai2	faai2	faai2
faai3	faai3	faai3	faai3
faai4	faai4	faai4	faai4
faai5	faai5	faai5	faai5
faai6	faai6	faai6	faai6
faak2	faak2	faak2	faak2
faak1	faak1	faak7	faak1
faak3	faak3	faak8	faak3
faak6	faak6	faak9	faak6
faan1	faan1	faan1	faan1
faan2	faan2	faan2	faan2
faan3	faan3	faan3	faan3
faan4	faan4	faan4	faan4
faan5	faan5	faan5	faan5
faan6	faan6	faan6	faan6
faat2	faat2	faat2	faat2
faat1	faat1	faat7	faat1
faat3	faat3	faat8	faat3
faat6	faat6	faat9	faat6
faau1	faau1	faau1	faau1
faau2	faau2	faau2	faau2
faau3	faau3	faau3	faau3
faau4	faau4	faau4	faau4
faau5	faau5	faau5	faau5
faau6	faau6	faau6	faau6
fai1	fai1	fai1	fai1
fai2	fai2	fai2	fai2
fai3	fai3	fai3	fai3
fai4	fai4	fai4	fai4
fai5	fai5	fai5	fai5
fai6	fai6	fai6	fai6
fan1	fan1	fan1	fan1
fan2	fan2	fan2	fan2
fan3	fan3	fan3	fan3
fan4	fan4	fan4	fan4
fan5	fan5	fan5	fan5
fan6	fan6	fan6	fan6
fang1	fang1	fang1	fang1
fang2	fang2	fang2	fang2
fang3	fang3	fang3	fang3
fang4	fang4	fang4	fang4
fang5	fang5	fang5	fang5
fang6	fang6	fang6	fang6
fat2	fat2	fat2	fat2
fat1	fat1	fat7	fat1
fat3	fat3	fat8	fat3
fat6	fat6	fat9	fat6
fau1	fau1	fau1	fau1
fau2	fau2	fau2	fau2
fau3	fau3	fau3	fau3
fau4	fau4	fau4	fau4
fau5	fau5	fau5	fau5
fau6	fau6	fau6	fau6
fe1	fe1	fe1	fe1
fe2	fe2	fe2	fe2
fe3	fe3	fe3	fe3
fe4	fe4	fe4	fe4
fe5	fe5	fe5	fe5
fe6	fe6	fe6	fe6
fei1	fei1	fei1	fei1
fei2	fei2	fei2	fei2
fei3	fei3	fei3	fei3
fei4	fei4	fei4	fei4
fei5	fei5	fei5	fei5
fei6	fei6	fei6	fei6
fek2	fek2	fek2	fek2
fek1	fek1	fek7	fek1
fek3	fek3	fek8	fek3
fek6	fek6	fek9	fek6
fen1	fen1	fen1	fen1
fen2	fen2	fen2	fen2
fen3	fen3	fen3	fen3
fen4	fen4	fen4	fen4
fen5	fen5	fen5	fen5
fen6	fen6	fen6	fen6
fet2	fet2	fet2	fet2
fet1	fet1	fet7	fet1
fet3	fet3	fet8	fet3
fet6	fet6	fet9	fet6
fi1	fi1	fi1	fi1
fi2	fi2	fi2	fi2
fi3	fi3	fi3	fi3
fi4	fi4	fi4	fi4
fi5	fi5	fi5	fi5
fi6	fi6	fi6	fi6
fik2	fik2	fik2	fik2
fik1	fik1	fik7	fik1
fik3	fik3	fik8	fik3
fik6	fik6	fik9	fik6
fing1	fing1	fing1	fing1
fing2	fing2	fing2	fing2
fing3	fing3	fing3	fing3
fing4	fing4	fing4	fing4
fing5	fing5	fing5	fing5
fing6	fing6	fing6	fing6
fit2	fit2	fit2	fit2
fit1	fit1	fit7	fit1
fit3	fit3	fit8	fit3
fit6	fit6	fit9	fit6
fiu1	fiu1	fiu1	fiu1
fiu2	fiu2	fiu2	fiu2
fiu3	fiu3	fiu3	fiu3
fiu4	fiu4	fiu4	fiu4
fiu5	fiu5	fiu5	fiu5
fiu6	fiu6	fiu6	fiu6
fo1	fo1	fo1	foh1
fo2	fo2	fo2	foh2
fo3	fo3	fo3	foh3
fo4	fo4	fo4	foh4
fo5	fo5	fo5	foh5
fo6	fo6	fo6	foh6
fok2	fok2	fok2	fok2
fok1	fok1	fok7	fok1
fok3	fok3	fok8	fok3
fok6	fok6	fok9	fok6
fong1	fong1	fong1	fong1
fong2	fong2	fong2	fong2
fong3	fong3	fong3	fong3
fong4	fong4	fong4	fong4
fong5	fong5	fong5	fong5
fong6	fong6	fong6	fong6
fu1	fu1	fu1	foo1
fu2	fu2	fu2	foo2
fu3	fu3	fu3	foo3
fu4	fu4	fu4	foo4
fu5	fu5	fu5	foo5
fu6	fu6	fu6	foo6
fui1	fui1	fui1	fooi1
fui2	fui2	fui2	fooi2
fui3	fui3	fui3	fooi3
fui4	fui4	fui4	fooi4
fui5	fui5	fui5	fooi5
fui6	fui6	fui6	fooi6
fuk2	fuk2	fuk2	fuk2
fuk1	fuk1	fuk7	fuk1
fuk3	fuk3	fuk8	fuk3
fuk6	fuk6	fuk9	fuk6
fun1	fun1	fun1	foon1
fun2	fun2	fun2	foon2
fun3	fun3	fun3	foon3
fun4	fun4	fun4	foon4
fun5	fun5	fun5	foon5
fun6	fun6	fun6	foon6
fung1	fung1	fung1	fung1
fung2	fung2	fung2	fung2
fung3	fung3	fung3	fung3
fung4	fung4	fung4	fung4
fung5	fung5	fung5	fung5
fung6	fung6	fung6	fung6
fut2	fut2	fut2	foot2
fut1	fut1	fut7	foot1
fut3	fut3	fut8	foot3
fut6	fut6	fut9	foot6
gaa1	ga1	gaa1	ga1
gaa2	ga2	gaa2	ga2
gaa3	ga3	gaa3	ga3
gaa4	ga4	gaa4	ga4
gaa5	ga5	gaa5	ga5
gaa6	ga6	gaa6	ga6
gaai1	gaai1	gaai1	gaai1
gaai2	gaai2	gaai2	gaai2
gaai3	gaai3	gaai3	gaai3
gaai4	gaai4	gaai4	gaai4
gaai5	gaai5	gaai5	gaai5
gaai6	gaai6	gaai6	gaai6
gaak2	gaak2	gaak2	gaak2
gaak1	gaak1	gaak7	gaak1
gaak3	gaak3	gaak8	gaak3
gaak6	gaak6	gaak9	gaak6
gaam1	gaam1	gaam1	gaam1
gaam2	gaam2	gaam2	gaam2
gaam3	gaam3	gaam3	gaam3
gaam4	gaam4	gaam4	gaam4
gaam5	gaam5	gaam5	gaam5
gaam6	gaam6	gaam6	gaam6
gaan1	gaan1	gaan1	gaan1
gaan2	gaan2	gaan2	gaan2
gaan3	gaan3	gaan3	gaan3
gaan4	gaan4	gaan4	gaan4
gaan5	gaan5	gaan5	gaan5
gaan6	gaan6	gaan6	gaan6
gaang1	gaang1	gaang1	gaang1
gaang2	gaang2	gaang2	gaang2
gaang3	gaang3	gaang3	gaang3
gaang4	gaang4	gaang4	gaang4
gaang5	gaang5	gaang5	gaang5
gaang6	gaang6	gaang6	gaang6
gaap2	gaap2	gaap2	gaap2
gaap1	gaap1	gaap7	gaap1
gaap3	gaap3	gaap8	gaap3
gaap6	gaap6	gaap9	gaap6
gaat2	gaat2	gaat2	gaat2
gaat1	gaat1	gaat7	gaat1
gaat3	gaat3	gaat8	gaat3
gaat6	gaat6	gaat9	gaat6
gaau1	gaau1	gaau1	gaau1
gaau2	gaau2	gaau2	gaau2
gaau3	gaau3	gaau3	gaau3
gaau4	gaau4	gaau4	gaau4
gaau5	gaau5	gaau5	gaau5
gaau6	gaau6	gaau6	gaau6
gai1	gai1	gai1	gai1
gai2	gai2	gai2	gai2
gai3	gai3	gai3	gai3
gai4	gai4	gai4	gai4
gai5	gai5	gai5	gai5
gai6	gai6	gai6	gai6
gak2	gak2	gak2	gak2
gak1	gak1	gak7	gak1
gak3	gak3	gak8	gak3
gak6	gak6	gak9	gak6
gam1	gam1	gam1	gam1
gam2	gam2	gam2	gam2
gam3	gam3	gam3	gam3
gam4	gam4	gam4	gam4
gam5	gam5	gam5	gam5
gam6	gam6	gam6	gam6
gan1	gan1	gan1	gan1
gan2	gan2	gan2	gan2
gan3	gan3	gan3	gan3
gan4	gan4	gan4	gan4
gan5	gan5	gan5	gan5
gan6	gan6	gan6	gan6
gang1	gang1	gang1	gang1
gang2	gang2	gang2	gang2
gang3	gang3	gang3	gang3
gang4	gang4	gang4	gang4
gang5	gang5	gang5	gang5
gang6	gang6	gang6	gang6
gap2	gap2	gap2	gap2
gap1	gap1	gap7	gap1
gap3	gap3	gap8	gap3
gap6	gap6	gap9	gap6
gat2	gat2	gat2	gat2
gat1	gat1	gat7	gat1
gat3	gat3	gat8	gat3
gat6	gat6	gat9	gat6
gau1	gau1	gau1	gau1
gau2	gau2	gau2	gau2
gau3	gau3	gau3	gau3
gau4	gau4	gau4	gau4
gau5	gau5	gau5	gau5
gau6	gau6	gau6	gau6
ge1	ge1	ge1	ge1
ge2	ge2	ge2	ge2
ge3	ge3	ge3	ge3
ge4	ge4	ge4	ge4
ge5	ge5	ge5	ge5
ge6	ge6	ge6	ge6
geu1	geeu1	geu1	geu1
geu2	geeu2	geu2	geu2
geu3	geeu3	geu3	geu3
geu4	geeu4	geu4	geu4
geu5	geeu5	geu5	geu5
geu6	geeu6	geu6	geu6
gei1	gei1	gei1	gei1
gei2	gei2	gei2	gei2
gei3	gei3	gei3	gei3
gei4	gei4	gei4	gei4
gei5	gei5	gei5	gei5
gei6	gei6	gei6	gei6
gek2	gek2	gek2	gek2
gek1	gek1	gek7	gek1
gek3	gek3	gek8	gek3
gek6	gek6	gek9	gek6
geng1	geng1	geng1	geng1
geng2	geng2	geng2	geng2
geng3	geng3	geng3	geng3
geng4	geng4	geng4	geng4
geng5	geng5	geng5	geng5
geng6	geng6	geng6	geng6
gep2	gep2	gep2	gep2
gep1	gep1	gep7	gep1
gep3	gep3	gep8	gep3
gep6	gep6	gep9	gep6
goe1	geu1	goe1	geuh1
goe2	geu2	goe2	geuh2
goe3	geu3	goe3	geuh3
goe4	geu4	goe4	geuh4
goe5	geu5	goe5	geuh5
goe6	geu6	goe6	geuh6
geoi1	geui1	goey1	gui1
geoi2	geui2	goey2	gui2
geoi3	geui3	goey3	gui3
geoi4	geui4	goey4	gui4
geoi5	geui5	goey5	gui5
geoi6	geui6	goey6	gui6
goek2	geuk2	goek2	geuk2
goek1	geuk1	goek7	geuk1
goek3	geuk3	goek8	geuk3
goek6	geuk6	goek9	geuk6
goeng1	geung1	goeng1	geung1
goeng2	geung2	goeng2	geung2
goeng3	geung3	goeng3	geung3
goeng4	geung4	goeng4	geung4
goeng5	geung5	goeng5	geung5
goeng6	geung6	goeng6	geung6
gi1	gi1	gi1	gi1
gi2	gi2	gi2	gi2
gi3	gi3	gi3	gi3
gi4	gi4	gi4	gi4
gi5	gi5	gi5	gi5
gi6	gi6	gi6	gi6
gik2	gik2	gik2	gik2
gik1	gik1	gik7	gik1
gik3	gik3	gik8	gik3
gik6	gik6	gik9	gik6
gim1	gim1	gim1	gim1
gim2	gim2	gim2	gim2
gim3	gim3	gim3	gim3
gim4	gim4	gim4	gim4
gim5	gim5	gim5	gim5
gim6	gim6	gim6	gim6
gin1	gin1	gin1	gin1
gin2	gin2	gin2	gin2
gin3	gin3	gin3	gin3
gin4	gin4	gin4	gin4
gin5	gin5	gin5	gin5
gin6	gin6	gin6	gin6
ging1	ging1	ging1	ging1
ging2	ging2	ging2	ging2
ging3	ging3	ging3	ging3
ging4	ging4	ging4	ging4
ging5	ging5	ging5	ging5
ging6	ging6	ging6	ging6
gip2	gip2	gip2	gip2
gip1	gip1	gip7	gip1
gip3	gip3	gip8	gip3
gip6	gip6	gip9	gip6
git2	git2	git2	git2
git1	git1	git7	git1
git3	git3	git8	git3
git6	git6	git9	git6
giu1	giu1	giu1	giu1
giu2	giu2	giu2	giu2
giu3	giu3	giu3	giu3
giu4	giu4	giu4	giu4
giu5	giu5	giu5	giu5
giu6	giu6	giu6	giu6
go1	go1	go1	goh1
go2	go2	go2	goh2
go3	go3	go3	goh3
go4	go4	go4	goh4
go5	go5	go5	goh5
go6	go6	go6	goh6
goi1	goi1	goi1	goi1
goi2	goi2	goi2	goi2
goi3	goi3	goi3	goi3
goi4	goi4	goi4	goi4
goi5	goi5	goi5	goi5
goi6	goi6	goi6	goi6
gok2	gok2	gok2	gok2
gok1	gok1	gok7	gok1
gok3	gok3	gok8	gok3
gok6	gok6	gok9	gok6
gon1	gon1	gon1	gon1
gon2	gon2	gon2	gon2
gon3	gon3	gon3	gon3
gon4	gon4	gon4	gon4
gon5	gon5	gon5	gon5
gon6	gon6	gon6	gon6
gong1	gong1	gong1	gong1
gong2	gong2	gong2	gong2
gong3	gong3	gong3	gong3
gong4	gong4	gong4	gong4
gong5	gong5	gong5	gong5
gong6	gong6	gong6	gong6
got2	got2	got2	got2
got1	got1	got7	got1
got3	got3	got8	got3
got6	got6	got9	got6
gou1	gou1	gou1	go1
gou2	gou2	gou2	go2
gou3	gou3	gou3	go3
gou4	gou4	gou4	go4
gou5	gou5	gou5	go5
gou6	gou6	gou6	go6
gu1	gu1	gu1	goo1
gu2	gu2	gu2	goo2
gu3	gu3	gu3	goo3
gu4	gu4	gu4	goo4
gu5	gu5	gu5	goo5
gu6	gu6	gu6	goo6
gui1	gui1	gui1	gooi1
gui2	gui2	gui2	gooi2
gui3	gui3	gui3	gooi3
gui4	gui4	gui4	gooi4
gui5	gui5	gui5	gooi5
gui6	gui6	gui6	gooi6
guk2	guk2	guk2	guk2
guk1	guk1	guk7	guk1
guk3	guk3	guk8	guk3
guk6	guk6	guk9	guk6
gun1	gun1	gun1	goon1
gun2	gun2	gun2	goon2
gun3	gun3	gun3	goon3
gun4	gun4	gun4	goon4
gun5	gun5	gun5	goon5
gun6	gun6	gun6	goon6
gung1	gung1	gung1	gung1
gung2	gung2	gung2	gung2
gung3	gung3	gung3	gung3
gung4	gung4	gung4	gung4
gung5	gung5	gung5	gung5
gung6	gung6	gung6	gung6
gut2	gut2	gut2	goot2
gut1	gut1	gut7	goot1
gut3	gut3	gut8	goot3
gut6	gut6	gut9	goot6
gwaa1	gwa1	gwaa1	gwa1
gwaa2	gwa2	gwaa2	gwa2
gwaa3	gwa3	gwaa3	gwa3
gwaa4	gwa4	gwaa4	gwa4
gwaa5	gwa5	gwaa5	gwa5
gwaa6	gwa6	gwaa6	gwa6
gwaai1	gwaai1	gwaai1	gwaai1
gwaai2	gwaai2	gwaai2	gwaai2
gwaai3	gwaai3	gwaai3	gwaai3
gwaai4	gwaai4	gwaai4	gwaai4
gwaai5	gwaai5	gwaai5	gwaai5
gwaai6	gwaai6	gwaai6	gwaai6
gwaak2	gwaak2	gwaak2	gwaak2
gwaak1	gwaak1	gwaak7	gwaak1
gwaak3	gwaak3	gwaak8	gwaak3
gwaak6	gwaak6	gwaak9	gwaak6
gwaan1	gwaan1	gwaan1	gwaan1
gwaan2	gwaan2	gwaan2	gwaan2
gwaan3	gwaan3	gwaan3	gwaan3
gwaan4	gwaan4	gwaan4	gwaan4
gwaan5	gwaan5	gwaan5	gwaan5
gwaan6	gwaan6	gwaan6	gwaan6
gwaang1	gwaang1	gwaang1	gwaang1
gwaang2	gwaang2	gwaang2	gwaang2
gwaang3	gwaang3	gwaang3	gwaang3
gwaang4	gwaang4	gwaang4	gwaang4
gwaang5	gwaang5	gwaang5	gwaang5
gwaang6	gwaang6	gwaang6	gwaang6
gwaat2	gwaat2	gwaat2	gwaat2
gwaat1	gwaat1	gwaat7	gwaat1
gwaat3	gwaat3	gwaat8	gwaat3
gwaat6	gwaat6	gwaat9	gwaat6
gwai1	gwai1	gwai1	gwai1
gwai2	gwai2	gwai2	gwai2
gwai3	gwai3	gwai3	gwai3
gwai4	gwai4	gwai4	gwai4
gwai5	gwai5	gwai5	gwai5
gwai6	gwai6	gwai6	gwai6
gwan1	gwan1	gwan1	gwan1
gwan2	gwan2	gwan2	gwan2
gwan3	gwan3	gwan3	gwan3
gwan4	gwan4	gwan4	gwan4
gwan5	gwan5	gwan5	gwan5
gwan6	gwan6	gwan6	gwan6
gwang1	gwang1	gwang1	gwang1
gwang2	gwang2	gwang2	gwang2
gwang3	gwang3	gwang3	gwang3
gwang4	gwang4	gwang4	gwang4
gwang5	gwang5	gwang5	gwang5
gwang6	gwang6	gwang6	gwang6
gwat2	gwat2	gwat2	gwat2
gwat1	gwat1	gwat7	gwat1
gwat3	gwat3	gwat8	gwat3
gwat6	gwat6	gwat9	gwat6
gwe1	gwe1	gwe1	gwe1
gwe2	gwe2	gwe2	gwe2
gwe3	gwe3	gwe3	gwe3
gwe4	gwe4	gwe4	gwe4
gwe5	gwe5	gwe5	gwe5
gwe6	gwe6	gwe6	gwe6
gwik2	gwik2	gwik2	gwik2
gwik1	gwik1	gwik7	gwik1
gwik3	gwik3	gwik8	gwik3
gwik6	gwik6	gwik9	gwik6
gwing1	gwing1	gwing1	gwing1
gwing2	gwing2	gwing2	gwing2
gwing3	gwing3	gwing3	gwing3
gwing4	gwing4	gwing4	gwing4
gwing5	gwing5	gwing5	gwing5
gwing6	gwing6	gwing6	gwing6
gwit2	gwit2	gwit2	gwit2
gwit1	gwit1	gwit7	gwit1
gwit3	gwit3	gwit8	gwit3
gwit6	gwit6	gwit9	gwit6
gwo1	gwo1	gwo1	gwoh1
gwo2	gwo2	gwo2	gwoh2
gwo3	gwo3	gwo3	gwoh3
gwo4	gwo4	gwo4	gwoh4
gwo5	gwo5	gwo5	gwoh5
gwo6	gwo6	gwo6	gwoh6
gwok2	gwok2	gwok2	gwok2
gwok1	gwok1	gwok7	gwok1
gwok3	gwok3	gwok8	gwok3
gwok6	gwok6	gwok9	gwok6
gwong1	gwong1	gwong1	gwong1
gwong2	gwong2	gwong2	gwong2
gwong3	gwong3	gwong3	gwong3
gwong4	gwong4	gwong4	gwong4
gwong5	gwong5	gwong5	gwong5
gwong6	gwong6	gwong6	gwong6
gyun1	gyun1	gyn1	guen1
gyun2	gyun2	gyn2	guen2
gyun3	gyun3	gyn3	guen3
gyun4	gyun4	gyn4	guen4
gyun5	gyun5	gyn5	guen5
gyun6	gyun6	gyn6	guen6
gyut2	gyut2	gyt2	guet2
gyut1	gyut1	gyt7	guet1
gyut3	gyut3	gyt8	guet3
gyut6	gyut6	gyt9	guet6
haa1	ha1	haa1	ha1
haa2	ha2	haa2	ha2
haa3	ha3	haa3	ha3
haa4	ha4	haa4	ha4
haa5	ha5	haa5	ha5
haa6	ha6	haa6	ha6
haai1	haai1	haai1	haai1
haai2	haai2	haai2	haai2
haai3	haai3	haai3	haai3
haai4	haai4	haai4	haai4
haai5	haai5	haai5	haai5
haai6	haai6	haai6	haai6
haak2	haak2	haak2	haak2
haak1	haak1	haak7	haak1
haak3	haak3	haak8	haak3
haak6	haak6	haak9	haak6
haam1	haam1	haam1	haam1
haam2	haam2	haam2	haam2
haam3	haam3	haam3	haam3
haam4	haam4	haam4	haam4
haam5	haam5	haam5	haam5
haam6	haam6	haam6	haam6
haan1	haan1	haan1	haan1
haan2	haan2	haan2	haan2
haan3	haan3	haan3	haan3
haan4	haan4	haan4	haan4
haan5	haan5	haan5	haan5
haan6	haan6	haan6	haan6
haang1	haang1	haang1	haang1
haang2	haang2	haang2	haang2
haang3	haang3	haang3	haang3
haang4	haang4	haang4	haang4
haang5	haang5	haang5	haang5
haang6	haang6	haang6	haang6
haap2	haap2	haap2	haap2
haap1	haap1	haap7	haap1
haap3	haap3	haap8	haap3
haap6	haap6	haap9	haap6
haat2	haat2	haat2	haat2
haat1	haat1	haat7	haat1
haat3	haat3	haat8	haat3
haat6	haat6	haat9	haat6
haau1	haau1	haau1	haau1
haau2	haau2	haau2	haau2
haau3	haau3	haau3	haau3
haau4	haau4	haau4	haau4
haau5	haau5	haau5	haau5
haau6	haau6	haau6	haau6
hai1	hai1	hai1	hai1
hai2	hai2	hai2	hai2
hai3	hai3	hai3	hai3
hai4	hai4	hai4	hai4
hai5	hai5	hai5	hai5
hai6	hai6	hai6	hai6
hak2	hak2	hak2	hak2
hak1	hak1	hak7	hak1
hak3	hak3	hak8	hak3
hak6	hak6	hak9	hak6
ham1	ham1	ham1	ham1
ham2	ham2	ham2	ham2
ham3	ham3	ham3	ham3
ham4	ham4	ham4	ham4
ham5	ham5	ham5	ham5
ham6	ham6	ham6	ham6
han1	han1	han1	han1
han2	han2	han2	han2
han3	han3	han3	han3
han4	han4	han4	han4
han5	han5	han5	han5
han6	han6	han6	han6
hang1	hang1	hang1	hang1
hang2	hang2	hang2	hang2
hang3	hang3	hang3	hang3
hang4	hang4	hang4	hang4
hang5	hang5	hang5	hang5
hang6	hang6	hang6	hang6
hap2	hap2	hap2	hap2
hap1	hap1	hap7	hap1
hap3	hap3	hap8	hap3
hap6	hap6	hap9	hap6
hat2	hat2	hat2	hat2
hat1	hat1	hat7	hat1
hat3	hat3	hat8	hat3
hat6	hat6	hat9	hat6
hau1	hau1	hau1	hau1
hau2	hau2	hau2	hau2
hau3	hau3	hau3	hau3
hau4	hau4	hau4	hau4
hau5	hau5	hau5	hau5
hau6	hau6	hau6	hau6
he1	he1	he1	he1
he2	he2	he2	he2
he3	he3	he3	he3
he4	he4	he4	he4
he5	he5	he5	he5
he6	he6	he6	he6
hei1	hei1	hei1	hei1
hei2	hei2	hei2	hei2
hei3	hei3	hei3	hei3
hei4	hei4	hei4	hei4
hei5	hei5	hei5	hei5
hei6	hei6	hei6	hei6
hek2	hek2	hek2	hek2
hek1	hek1	hek7	hek1
hek3	hek3	hek8	hek3
hek6	hek6	hek9	hek6
heng1	heng1	heng1	heng1
heng2	heng2	heng2	heng2
heng3	heng3	heng3	heng3
heng4	heng4	heng4	heng4
heng5	heng5	heng5	heng5
heng6	heng6	heng6	heng6
hoe1	heu1	hoe1	heuh1
hoe2	heu2	hoe2	heuh2
hoe3	heu3	hoe3	heuh3
hoe4	heu4	hoe4	heuh4
hoe5	heu5	hoe5	heuh5
hoe6	heu6	hoe6	heuh6
heoi1	heui1	hoey1	hui1
heoi2	heui2	hoey2	hui2
heoi3	heui3	hoey3	hui3
heoi4	heui4	hoey4	hui4
heoi5	heui5	hoey5	hui5
heoi6	heui6	hoey6	hui6
hoeng1	heung1	hoeng1	heung1
hoeng2	heung2	hoeng2	heung2
hoeng3	heung3	hoeng3	heung3
hoeng4	heung4	hoeng4	heung4
hoeng5	heung5	hoeng5	heung5
hoeng6	heung6	hoeng6	heung6
hi1	hi1	hi1	hi1
hi2	hi2	hi2	hi2
hi3	hi3	hi3	hi3
hi4	hi4	hi4	hi4
hi5	hi5	hi5	hi5
hi6	hi6	hi6	hi6
him1	him1	him1	him1
him2	him2	him2	him2
him3	him3	him3	him3
him4	him4	him4	him4
him5	him5	him5	him5
him6	him6	him6	him6
hin1	hin1	hin1	hin1
hin2	hin2	hin2	hin2
hin3	hin3	hin3	hin3
hin4	hin4	hin4	hin4
hin5	hin5	hin5	hin5
hin6	hin6	hin6	hin6
hing1	hing1	hing1	hing1
hing2	hing2	hing2	hing2
hing3	hing3	hing3	hing3
hing4	hing4	hing4	hing4
hing5	hing5	hing5	hing5
hing6	hing6	hing6	hing6
hip2	hip2	hip2	hip2
hip1	hip1	hip7	hip1
hip3	hip3	hip8	hip3
hip6	hip6	hip9	hip6
hit2	hit2	hit2	hit2
hit1	hit1	hit7	hit1
hit3	hit3	hit8	hit3
hit6	hit6	hit9	hit6
hiu1	hiu1	hiu1	hiu1
hiu2	hiu2	hiu2	hiu2
hiu3	hiu3	hiu3	hiu3
hiu4	hiu4	hiu4	hiu4
hiu5	hiu5	hiu5	hiu5
hiu6	hiu6	hiu6	hiu6
hm1	hm1	hm1	hm1
hm2	hm2	hm2	hm2
hm3	hm3	hm3	hm3
hm4	hm4	hm4	hm4
hm5	hm5	hm5	hm5
hm6	hm6	hm6	hm6
hng1	hng1	hng1	hng1
hng2	hng2	hng2	hng2
hng3	hng3	hng3	hng3
hng4	hng4	hng4	hng4
hng5	hng5	hng5	hng5
hng6	hng6	hng6	hng6
ho1	ho1	ho1	hoh1
ho2	ho2	ho2	hoh2
ho3	ho3	ho3	hoh3
ho4	ho4	ho4	hoh4
ho5	ho5	ho5	hoh5
ho6	ho6	ho6	hoh6
hoi1	hoi1	hoi1	hoi1
hoi2	hoi2	hoi2	hoi2
hoi3	hoi3	hoi3	hoi3
hoi4	hoi4	hoi4	hoi4
hoi5	hoi5	hoi5	hoi5
hoi6	hoi6	hoi6	hoi6
hok2	hok2	hok2	hok2
hok1	hok1	hok7	hok1
hok3	hok3	hok8	hok3
hok6	hok6	hok9	hok6
hon1	hon1	hon1	hon1
hon2	hon2	hon2	hon2
hon3	hon3	hon3	hon3
hon4	hon4	hon4	hon4
hon5	hon5	hon5	hon5
hon6	hon6	hon6	hon6
hong1	hong1	hong1	hong1
hong2	hong2	hong2	hong2
hong3	hong3	hong3	hong3
hong4	hong4	hong4	hong4
hong5	hong5	hong5	hong5
hong6	hong6	hong6	hong6
hot2	hot2	hot2	hot2
hot1	hot1	hot7	hot1
hot3	hot3	hot8	hot3
hot6	hot6	hot9	hot6
hou1	hou1	hou1	ho1
hou2	hou2	hou2	ho2
hou3	hou3	hou3	ho3
hou4	hou4	hou4	ho4
hou5	hou5	hou5	ho5
hou6	hou6	hou6	ho6
huk2	huk2	huk2	huk2
huk1	huk1	huk7	huk1
huk3	huk3	huk8	huk3
huk6	huk6	huk9	huk6
hung1	hung1	hung1	hung1
hung2	hung2	hung2	hung2
hung3	hung3	hung3	hung3
hung4	hung4	hung4	hung4
hung5	hung5	hung5	hung5
hung6	hung6	hung6	hung6
hyun1	hyun1	hyn1	huen1
hyun2	hyun2	hyn2	huen2
hyun3	hyun3	hyn3	huen3
hyun4	hyun4	hyn4	huen4
hyun5	hyun5	hyn5	huen5
hyun6	hyun6	hyn6	huen6
hyut2	hyut2	hyt2	huet2
hyut1	hyut1	hyt7	huet1
hyut3	hyut3	hyt8	huet3
hyut6	hyut6	hyt9	huet6
ik2	ik2	ik2	ik2
ik1	ik1	ik7	ik1
ik3	ik3	ik8	ik3
ik6	ik6	ik9	ik6
it2	it2	it2	it2
it1	it1	it7	it1
it3	it3	it8	it3
it6	it6	it9	it6
zaa1	ja1	dzaa1	ja1
zaa2	ja2	dzaa2	ja2
zaa3	ja3	dzaa3	ja3
zaa4	ja4	dzaa4	ja4
zaa5	ja5	dzaa5	ja5
zaa6	ja6	dzaa6	ja6
zaai1	jaai1	dzaai1	jaai1
zaai2	jaai2	dzaai2	jaai2
zaai3	jaai3	dzaai3	jaai3
zaai4	jaai4	dzaai4	jaai4
zaai5	jaai5	dzaai5	jaai5
zaai6	jaai6	dzaai6	jaai6
zaak2	jaak2	dzaak2	jaak2
zaak1	jaak1	dzaak7	jaak1
zaak3	jaak3	dzaak8	jaak3
zaak6	jaak6	dzaak9	jaak6
zaam1	jaam1	dzaam1	jaam1
zaam2	jaam2	dzaam2	jaam2
zaam3	jaam3	dzaam3	jaam3
zaam4	jaam4	dzaam4	jaam4
zaam5	jaam5	dzaam5	jaam5
zaam6	jaam6	dzaam6	jaam6
zaan1	jaan1	dzaan1	jaan1
zaan2	jaan2	dzaan2	jaan2
zaan3	jaan3	dzaan3	jaan3
zaan4	jaan4	dzaan4	jaan4
zaan5	jaan5	dzaan5	jaan5
zaan6	jaan6	dzaan6	jaan6
zaang1	jaang1	dzaang1	jaang1
zaang2	jaang2	dzaang2	jaang2
zaang3	jaang3	dzaang3	jaang3
zaang4	jaang4	dzaang4	jaang4
zaang5	jaang5	dzaang5	jaang5
zaang6	jaang6	dzaang6	jaang6
zaap2	jaap2	dzaap2	jaap2
zaap1	jaap1	dzaap7	jaap1
zaap3	jaap3	dzaap8	jaap3
zaap6	jaap6	dzaap9	jaap6
zaat2	jaat2	dzaat2	jaat2
zaat1	jaat1	dzaat7	jaat1
zaat3	jaat3	dzaat8	jaat3
zaat6	jaat6	dzaat9	jaat6
zaau1	jaau1	dzaau1	jaau1
zaau2	jaau2	dzaau2	jaau2
zaau3	jaau3	dzaau3	jaau3
zaau4	jaau4	dzaau4	jaau4
zaau5	jaau5	dzaau5	jaau5
zaau6	jaau6	dzaau6	jaau6
zai1	jai1	dzai1	jai1
zai2	jai2	dzai2	jai2
zai3	jai3	dzai3	jai3
zai4	jai4	dzai4	jai4
zai5	jai5	dzai5	jai5
zai6	jai6	dzai6	jai6
zak2	jak2	dzak2	jak2
zak1	jak1	dzak7	jak1
zak3	jak3	dzak8	jak3
zak6	jak6	dzak9	jak6
zam1	jam1	dzam1	jam1
zam2	jam2	dzam2	jam2
zam3	jam3	dzam3	jam3
zam4	jam4	dzam4	jam4
zam5	jam5	dzam5	jam5
zam6	jam6	dzam6	jam6
zan1	jan1	dzan1	jan1
zan2	jan2	dzan2	jan2
zan3	jan3	dzan3	jan3
zan4	jan4	dzan4	jan4
zan5	jan5	dzan5	jan5
zan6	jan6	dzan6	jan6
zang1	jang1	dzang1	jang1
zang2	jang2	dzang2	jang2
zang3	jang3	dzang3	jang3
zang4	jang4	dzang4	jang4
zang5	jang5	dzang5	jang5
zang6	jang6	dzang6	jang6
zap2	jap2	dzap2	jap2
zap1	jap1	dzap7	jap1
zap3	jap3	dzap8	jap3
zap6	jap6	dzap9	jap6
zat2	jat2	dzat2	jat2
zat1	jat1	dzat7	jat1
zat3	jat3	dzat8	jat3
zat6	jat6	dzat9	jat6
zau1	jau1	dzau1	jau1
zau2	jau2	dzau2	jau2
zau3	jau3	dzau3	jau3
zau4	jau4	dzau4	jau4
zau5	jau5	dzau5	jau5
zau6	jau6	dzau6	jau6
ze1	je1	dze1	je1
ze2	je2	dze2	je2
ze3	je3	dze3	je3
ze4	je4	dze4	je4
ze5	je5	dze5	je5
ze6	je6	dze6	je6
zeu1	jeeu1	dzeu1	jeu1
zeu2	jeeu2	dzeu2	jeu2
zeu3	jeeu3	dzeu3	jeu3
zeu4	jeeu4	dzeu4	jeu4
zeu5	jeeu5	dzeu5	jeu5
zeu6	jeeu6	dzeu6	jeu6
zek2	jek2	dzek2	jek2
zek1	jek1	dzek7	jek1
zek3	jek3	dzek8	jek3
zek6	jek6	dzek9	jek6
zem1	jem1	dzem1	jem1
zem2	jem2	dzem2	jem2
zem3	jem3	dzem3	jem3
zem4	jem4	dzem4	jem4
zem5	jem5	dzem5	jem5
zem6	jem6	dzem6	jem6
zeng1	jeng1	dzeng1	jeng1
zeng2	jeng2	dzeng2	jeng2
zeng3	jeng3	dzeng3	jeng3
zeng4	jeng4	dzeng4	jeng4
zeng5	jeng5	dzeng5	jeng5
zeng6	jeng6	dzeng6	jeng6
zoe1	jeu1	dzoe1	jeuh1
zoe2	jeu2	dzoe2	jeuh2
zoe3	jeu3	dzoe3	jeuh3
zoe4	jeu4	dzoe4	jeuh4
zoe5	jeu5	dzoe5	jeuh5
zoe6	jeu6	dzoe6	jeuh6
zeoi1	jeui1	dzoey1	jui1
zeoi2	jeui2	dzoey2	jui2
zeoi3	jeui3	dzoey3	jui3
zeoi4	jeui4	dzoey4	jui4
zeoi5	jeui5	dzoey5	jui5
zeoi6	jeui6	dzoey6	jui6
zoek2	jeuk2	dzoek2	jeuk2
zoek1	jeuk1	dzoek7	jeuk1
zoek3	jeuk3	dzoek8	jeuk3
zoek6	jeuk6	dzoek9	jeuk6
zeon1	jeun1	dzoen1	jun1
zeon2	jeun2	dzoen2	jun2
zeon3	jeun3	dzoen3	jun3
zeon4	jeun4	dzoen4	jun4
zeon5	jeun5	dzoen5	jun5
zeon6	jeun6	dzoen6	jun6
zoeng1	jeung1	dzoeng1	jeung1
zoeng2	jeung2	dzoeng2	jeung2
zoeng3	jeung3	dzoeng3	jeung3
zoeng4	jeung4	dzoeng4	jeung4
zoeng5	jeung5	dzoeng5	jeung5
zoeng6	jeung6	dzoeng6	jeung6
zeot2	jeut2	dzoet2	jut2
zeot1	jeut1	dzoet7	jut1
zeot3	jeut3	dzoet8	jut3
zeot6	jeut6	dzoet9	jut6
zi1	ji1	dzi1	ji1
zi2	ji2	dzi2	ji2
zi3	ji3	dzi3	ji3
zi4	ji4	dzi4	ji4
zi5	ji5	dzi5	ji5
zi6	ji6	dzi6	ji6
zik2	jik2	dzik2	jik2
zik1	jik1	dzik7	jik1
zik3	jik3	dzik8	jik3
zik6	jik6	dzik9	jik6
zim1	jim1	dzim1	jim1
zim2	jim2	dzim2	jim2
zim3	jim3	dzim3	jim3
zim4	jim4	dzim4	jim4
zim5	jim5	dzim5	jim5
zim6	jim6	dzim6	jim6
zin1	jin1	dzin1	jin1
zin2	jin2	dzin2	jin2
zin3	jin3	dzin3	jin3
zin4	jin4	dzin4	jin4
zin5	jin5	dzin5	jin5
zin6	jin6	dzin6	jin6
zing1	jing1	dzing1	jing1
zing2	jing2	dzing2	jing2
zing3	jing3	dzing3	jing3
zing4	jing4	dzing4	jing4
zing5	jing5	dzing5	jing5
zing6	jing6	dzing6	jing6
zip2	jip2	dzip2	jip2
zip1	jip1	dzip7	jip1
zip3	jip3	dzip8	jip3
zip6	jip6	dzip9	jip6
zit2	jit2	dzit2	jit2
zit1	jit1	dzit7	jit1
zit3	jit3	dzit8	jit3
zit6	jit6	dzit9	jit6
ziu1	jiu1	dziu1	jiu1
ziu2	jiu2	dziu2	jiu2
ziu3	jiu3	dziu3	jiu3
ziu4	jiu4	dziu4	jiu4
ziu5	jiu5	dziu5	jiu5
ziu6	jiu6	dziu6	jiu6
zo1	jo1	dzo1	joh1
zo2	jo2	dzo2	joh2
zo3	jo3	dzo3	joh3
zo4	jo4	dzo4	joh4
zo5	jo5	dzo5	joh5
zo6	jo6	dzo6	joh6
zoi1	joi1	dzoi1	joi1
zoi2	joi2	dzoi2	joi2
zoi3	joi3	dzoi3	joi3
zoi4	joi4	dzoi4	joi4
zoi5	joi5	dzoi5	joi5
zoi6	joi6	dzoi6	joi6
zok2	jok2	dzok2	jok2
zok1	jok1	dzok7	jok1
zok3	jok3	dzok8	jok3
zok6	jok6	dzok9	jok6
zong1	jong1	dzong1	jong1
zong2	jong2	dzong2	jong2
zong3	jong3	dzong3	jong3
zong4	jong4	dzong4	jong4
zong5	jong5	dzong5	jong5
zong6	jong6	dzong6	jong6
zou1	jou1	dzou1	jo1
zou2	jou2	dzou2	jo2
zou3	jou3	dzou3	jo3
zou4	jou4	dzou4	jo4
zou5	jou5	dzou5	jo5
zou6	jou6	dzou6	jo6
zuk2	juk2	dzuk2	juk2
zuk1	juk1	dzuk7	juk1
zuk3	juk3	dzuk8	juk3
zuk6	juk6	dzuk9	juk6
zung1	jung1	dzung1	jung1
zung2	jung2	dzung2	jung2
zung3	jung3	dzung3	jung3
zung4	jung4	dzung4	jung4
zung5	jung5	dzung5	jung5
zung6	jung6	dzung6	jung6
zyu1	jyu1	dzy1	jue1
zyu2	jyu2	dzy2	jue2
zyu3	jyu3	dzy3	jue3
zyu4	jyu4	dzy4	jue4
zyu5	jyu5	dzy5	jue5
zyu6	jyu6	dzy6	jue6
zyun1	jyun1	dzyn1	juen1
zyun2	jyun2	dzyn2	juen2
zyun3	jyun3	dzyn3	juen3
zyun4	jyun4	dzyn4	juen4
zyun5	jyun5	dzyn5	juen5
zyun6	jyun6	dzyn6	juen6
zyut2	jyut2	dzyt2	juet2
zyut1	jyut1	dzyt7	juet1
zyut3	jyut3	dzyt8	juet3
zyut6	jyut6	dzyt9	juet6
kaa1	ka1	kaa1	ka1
kaa2	ka2	kaa2	ka2
kaa3	ka3	kaa3	ka3
kaa4	ka4	kaa4	ka4
kaa5	ka5	kaa5	ka5
kaa6	ka6	kaa6	ka6
kaai1	kaai1	kaai1	kaai1
kaai2	kaai2	kaai2	kaai2
kaai3	kaai3	kaai3	kaai3
kaai4	kaai4	kaai4	kaai4
kaai5	kaai5	kaai5	kaai5
kaai6	kaai6	kaai6	kaai6
kaak2	kaak2	kaak2	kaak2
kaak1	kaak1	kaak7	kaak1
kaak3	kaak3	kaak8	kaak3
kaak6	kaak6	kaak9	kaak6
kaam1	kaam1	kaam1	kaam1
kaam2	kaam2	kaam2	kaam2
kaam3	kaam3	kaam3	kaam3
kaam4	kaam4	kaam4	kaam4
kaam5	kaam5	kaam5	kaam5
kaam6	kaam6	kaam6	kaam6
kaan1	kaan1	kaan1	kaan1
kaan2	kaan2	kaan2	kaan2
kaan3	kaan3	kaan3	kaan3
kaan4	kaan4	kaan4	kaan4
kaan5	kaan5	kaan5	kaan5
kaan6	kaan6	kaan6	kaan6
kaang1	kaang1	kaang1	kaang1
kaang2	kaang2	kaang2	kaang2
kaang3	kaang3	kaang3	kaang3
kaang4	kaang4	kaang4	kaang4
kaang5	kaang5	kaang5	kaang5
kaang6	kaang6	kaang6	kaang6
kaap2	kaap2	kaap2	kaap2
kaap1	kaap1	kaap7	kaap1
kaap3	kaap3	kaap8	kaap3
kaap6	kaap6	kaap9	kaap6
kaat2	kaat2	kaat2	kaat2
kaat1	kaat1	kaat7	kaat1
kaat3	kaat3	kaat8	kaat3
kaat6	kaat6	kaat9	kaat6
kaau1	kaau1	kaau1	kaau1
kaau2	kaau2	kaau2	kaau2
kaau3	kaau3	kaau3	kaau3
kaau4	kaau4	kaau4	kaau4
kaau5	kaau5	kaau5	kaau5
kaau6	kaau6	kaau6	kaau6
kai1	kai1	kai1	kai1
kai2	kai2	kai2	kai2
kai3	kai3	kai3	kai3
kai4	kai4	kai4	kai4
kai5	kai5	kai5	kai5
kai6	kai6	kai6	kai6
kak2	kak2	kak2	kak2
kak1	kak1	kak7	kak1
kak3	kak3	kak8	kak3
kak6	kak6	kak9	kak6
kam1	kam1	kam1	kam1
kam2	kam2	kam2	kam2
kam3	kam3	kam3	kam3
kam4	kam4	kam4	kam4
kam5	kam5	kam5	kam5
kam6	kam6	kam6	kam6
kan1	kan1	kan1	kan1
kan2	kan2	kan2	kan2
kan3	kan3	kan3	kan3
kan4	kan4	kan4	kan4
kan5	kan5	kan5	kan5
kan6	kan6	kan6	kan6
kang1	kang1	kang1	kang1
kang2	kang2	kang2	kang2
kang3	kang3	kang3	kang3
kang4	kang4	kang4	kang4
kang5	kang5	kang5	kang5
kang6	kang6	kang6	kang6
kap2	kap2	kap2	kap2
kap1	kap1	kap7	kap1
kap3	kap3	kap8	kap3
kap6	kap6	kap9	kap6
kat2	kat2	kat2	kat2
kat1	kat1	kat7	kat1
kat3	kat3	kat8	kat3
kat6	kat6	kat9	kat6
kau1	kau1	kau1	kau1
kau2	kau2	kau2	kau2
kau3	kau3	kau3	kau3
kau4	kau4	kau4	kau4
kau5	kau5	kau5	kau5
kau6	kau6	kau6	kau6
ke1	ke1	ke1	ke1
ke2	ke2	ke2	ke2
ke3	ke3	ke3	ke3
ke4	ke4	ke4	ke4
ke5	ke5	ke5	ke5
ke6	ke6	ke6	ke6
kei1	kei1	kei1	kei1
kei2	kei2	kei2	kei2
kei3	kei3	kei3	kei3
kei4	kei4	kei4	kei4
kei5	kei5	kei5	kei5
kei6	kei6	kei6	kei6
kek2	kek2	kek2	kek2
kek1	kek1	kek7	kek1
kek3	kek3	kek8	kek3
kek6	kek6	kek9	kek6
kem1	kem1	kem1	kem1
kem2	kem2	kem2	kem2
kem3	kem3	kem3	kem3
kem4	kem4	kem4	kem4
kem5	kem5	kem5	kem5
kem6	kem6	kem6	kem6
ken1	ken1	ken1	ken1
ken2	ken2	ken2	ken2
ken3	ken3	ken3	ken3
ken4	ken4	ken4	ken4
ken5	ken5	ken5	ken5
ken6	ken6	ken6	ken6
keng1	keng1	keng1	keng1
keng2	keng2	keng2	keng2
keng3	keng3	keng3	keng3
keng4	keng4	keng4	keng4
keng5	keng5	keng5	keng5
keng6	keng6	keng6	keng6
kep2	kep2	kep2	kep2
kep1	kep1	kep7	kep1
kep3	kep3	kep8	kep3
kep6	kep6	kep9	kep6
koe1	keu1	koe1	keuh1
koe2	keu2	koe2	keuh2
koe3	keu3	koe3	keuh3
koe4	keu4	koe4	keuh4
koe5	keu5	koe5	keuh5
koe6	keu6	koe6	keuh6
keoi1	keui1	koey1	kui1
keoi2	keui2	koey2	kui2
keoi3	keui3	koey3	kui3
keoi4	keui4	koey4	kui4
keoi5	keui5	koey5	kui5
keoi6	keui6	koey6	kui6
koek2	keuk2	koek2	keuk2
koek1	keuk1	koek7	keuk1
koek3	keuk3	koek8	keuk3
koek6	keuk6	koek9	keuk6
koeng1	keung1	koeng1	keung1
koeng2	keung2	koeng2	keung2
koeng3	keung3	koeng3	keung3
koeng4	keung4	koeng4	keung4
koeng5	keung5	koeng5	keung5
koeng6	keung6	koeng6	keung6
ki1	ki1	ki1	ki1
ki2	ki2	ki2	ki2
ki3	ki3	ki3	ki3
ki4	ki4	ki4	ki4
ki5	ki5	ki5	ki5
ki6	ki6	ki6	ki6
kik2	kik2	kik2	kik2
kik1	kik1	kik7	kik1
kik3	kik3	kik8	kik3
kik6	kik6	kik9	kik6
kim1	kim1	kim1	kim1
kim2	kim2	kim2	kim2
kim3	kim3	kim3	kim3
kim4	kim4	kim4	kim4
kim5	kim5	kim5	kim5
kim6	kim6	kim6	kim6
kin1	kin1	kin1	kin1
kin2	kin2	kin2	kin2
kin3	kin3	kin3	kin3
kin4	kin4	kin4	kin4
kin5	kin5	kin5	kin5
kin6	kin6	kin6	kin6
king1	king1	king1	king1
king2	king2	king2	king2
king3	king3	king3	king3
king4	king4	king4	king4
king5	king5	king5	king5
king6	king6	king6	king6
kip2	kip2	kip2	kip2
kip1	kip1	kip7	kip1
kip3	kip3	kip8	kip3
kip6	kip6	kip9	kip6
kit2	kit2	kit2	kit2
kit1	kit1	kit7	kit1
kit3	kit3	kit8	kit3
kit6	kit6	kit9	kit6
kiu1	kiu1	kiu1	kiu1
kiu2	kiu2	kiu2	kiu2
kiu3	kiu3	kiu3	kiu3
kiu4	kiu4	kiu4	kiu4
kiu5	kiu5	kiu5	kiu5
kiu6	kiu6	kiu6	kiu6
ko1	ko1	ko1	koh1
ko2	ko2	ko2	koh2
ko3	ko3	ko3	koh3
ko4	ko4	ko4	koh4
ko5	ko5	ko5	koh5
ko6	ko6	ko6	koh6
koi1	koi1	koi1	koi1
koi2	koi2	koi2	koi2
koi3	koi3	koi3	koi3
koi4	koi4	koi4	koi4
koi5	koi5	koi5	koi5
koi6	koi6	koi6	koi6
kok2	kok2	kok2	kok2
kok1	kok1	kok7	kok1
kok3	kok3	kok8	kok3
kok6	kok6	kok9	kok6
kon1	kon1	kon1	kon1
kon2	kon2	kon2	kon2
kon3	kon3	kon3	kon3
kon4	kon4	kon4	kon4
kon5	kon5	kon5	kon5
kon6	kon6	kon6	kon6
kong1	kong1	kong1	kong1
kong2	kong2	kong2	kong2
kong3	kong3	kong3	kong3
kong4	kong4	kong4	kong4
kong5	kong5	kong5	kong5
kong6	kong6	kong6	kong6
ku1	ku1	ku1	koo1
ku2	ku2	ku2	koo2
ku3	ku3	ku3	koo3
ku4	ku4	ku4	koo4
ku5	ku5	ku5	koo5
ku6	ku6	ku6	koo6
kui1	kui1	kui1	kooi1
kui2	kui2	kui2	kooi2
kui3	kui3	kui3	kooi3
kui4	kui4	kui4	kooi4
kui5	kui5	kui5	kooi5
kui6	kui6	kui6	kooi6
kuk2	kuk2	kuk2	kuk2
kuk1	kuk1	kuk7	kuk1
kuk3	kuk3	kuk8	kuk3
kuk6	kuk6	kuk9	kuk6
kun1	kun1	kun1	koon1
kun2	kun2	kun2	koon2
kun3	kun3	kun3	koon3
kun4	kun4	kun4	koon4
kun5	kun5	kun5	koon5
kun6	kun6	kun6	koon6
kung1	kung1	kung1	kung1
kung2	kung2	kung2	kung2
kung3	kung3	kung3	kung3
kung4	kung4	kung4	kung4
kung5	kung5	kung5	kung5
kung6	kung6	kung6	kung6
kut2	kut2	kut2	koot2
kut1	kut1	kut7	koot1
kut3	kut3	kut8	koot3
kut6	kut6	kut9	koot6
kwaa1	kwa1	kwaa1	kwa1
kwaa2	kwa2	kwaa2	kwa2
kwaa3	kwa3	kwaa3	kwa3
kwaa4	kwa4	kwaa4	kwa4
kwaa5	kwa5	kwaa5	kwa5
kwaa6	kwa6	kwaa6	kwa6
kwaai1	kwaai1	kwaai1	kwaai1
kwaai2	kwaai2	kwaai2	kwaai2
kwaai3	kwaai3	kwaai3	kwaai3
kwaai4	kwaai4	kwaai4	kwaai4
kwaai5	kwaai5	kwaai5	kwaai5
kwaai6	kwaai6	kwaai6	kwaai6
kwaak2	kwaak2	kwaak2	kwaak2
kwaak1	kwaak1	kwaak7	kwaak1
kwaak3	kwaak3	kwaak8	kwaak3
kwaak6	kwaak6	kwaak9	kwaak6
kwaan1	kwaan1	kwaan1	kwaan1
kwaan2	kwaan2	kwaan2	kwaan2
kwaan3	kwaan3	kwaan3	kwaan3
kwaan4	kwaan4	kwaan4	kwaan4
kwaan5	kwaan5	kwaan5	kwaan5
kwaan6	kwaan6	kwaan6	kwaan6
kwaang1	kwaang1	kwaang1	kwaang1
kwaang2	kwaang2	kwaang2	kwaang2
kwaang3	kwaang3	kwaang3	kwaang3
kwaang4	kwaang4	kwaang4	kwaang4
kwaang5	kwaang5	kwaang5	kwaang5
kwaang6	kwaang6	kwaang6	kwaang6
kwaat2	kwaat2	kwaat2	kwaat2
kwaat1	kwaat1	kwaat7	kwaat1
kwaat3	kwaat3	kwaat8	kwaat3
kwaat6	kwaat6	kwaat9	kwaat6
kwai1	kwai1	kwai1	kwai1
kwai2	kwai2	kwai2	kwai2
kwai3	kwai3	kwai3	kwai3
kwai4	kwai4	kwai4	kwai4
kwai5	kwai5	kwai5	kwai5
kwai6	kwai6	kwai6	kwai6
kwan1	kwan1	kwan1	kwan1
kwan2	kwan2	kwan2	kwan2
kwan3	kwan3	kwan3	kwan3
kwan4	kwan4	kwan4	kwan4
kwan5	kwan5	kwan5	kwan5
kwan6	kwan6	kwan6	kwan6
kwang1	kwang1	kwang1	kwang1
kwang2	kwang2	kwang2	kwang2
kwang3	kwang3	kwang3	kwang3
kwang4	kwang4	kwang4	kwang4
kwang5	kwang5	kwang5	kwang5
kwang6	kwang6	kwang6	kwang6
kwik2	kwik2	kwik2	kwik2
kwik1	kwik1	kwik7	kwik1
kwik3	kwik3	kwik8	kwik3
kwik6	kwik6	kwik9	kwik6
kwing1	kwing1	kwing1	kwing1
kwing2	kwing2	kwing2	kwing2
kwing3	kwing3	kwing3	kwing3
kwing4	kwing4	kwing4	kwing4
kwing5	kwing5	kwing5	kwing5
kwing6	kwing6	kwing6	kwing6
kwok2	kwok2	kwok2	kwok2
kwok1	kwok1	kwok7	kwok1
kwok3	kwok3	kwok8	kwok3
kwok6	kwok6	kwok9	kwok6
kwong1	kwong1	kwong1	kwong1
kwong2	kwong2	kwong2	kwong2
kwong3	kwong3	kwong3	kwong3
kwong4	kwong4	kwong4	kwong4
kwong5	kwong5	kwong5	kwong5
kwong6	kwong6	kwong6	kwong6
kyun1	kyun1	kyn1	kuen1
kyun2	kyun2	kyn2	kuen2
kyun3	kyun3	kyn3	kuen3
kyun4	kyun4	kyn4	kuen4
kyun5	kyun5	kyn5	kuen5
kyun6	kyun6	kyn6	kuen6
kyut2	kyut2	kyt2	kuet2
kyut1	kyut1	kyt7	kuet1
kyut3	kyut3	kyt8	kuet3
kyut6	kyut6	kyt9	kuet6
laa1	la1	laa1	la1
laa2	la2	laa2	la2
laa3	la3	laa3	la3
laa4	la4	laa4	la4
laa5	la5	laa5	la5
laa6	la6	laa6	la6
laai1	laai1	laai1	laai1
laai2	laai2	laai2	laai2
laai3	laai3	laai3	laai3
laai4	laai4	laai4	laai4
laai5	laai5	laai5	laai5
laai6	laai6	laai6	laai6
laak2	laak2	laak2	laak2
laak1	laak1	laak7	laak1
laak3	laak3	laak8	laak3
laak6	laak6	laak9	laak6
laam1	laam1	laam1	laam1
laam2	laam2	laam2	laam2
laam3	laam3	laam3	laam3
laam4	laam4	laam4	laam4
laam5	laam5	laam5	laam5
laam6	laam6	laam6	laam6
laan1	laan1	laan1	laan1
laan2	laan2	laan2	laan2
laan3	laan3	laan3	laan3
laan4	laan4	laan4	laan4
laan5	laan5	laan5	laan5
laan6	laan6	laan6	laan6
laang1	laang1	laang1	laang1
laang2	laang2	laang2	laang2
laang3	laang3	laang3	laang3
laang4	laang4	laang4	laang4
laang5	laang5	laang5	laang5
laang6	laang6	laang6	laang6
laap2	laap2	laap2	laap2
laap1	laap1	laap7	laap1
laap3	laap3	laap8	laap3
laap6	laap6	laap9	laap6
laat2	laat2	laat2	laat2
laat1	laat1	laat7	laat1
laat3	laat3	laat8	laat3
laat6	laat6	laat9	laat6
laau1	laau1	laau1	laau1
laau2	laau2	laau2	laau2
laau3	laau3	laau3	laau3
laau4	laau4	laau4	laau4
laau5	laau5	laau5	laau5
laau6	laau6	laau6	laau6
lai1	lai1	lai1	lai1
lai2	lai2	lai2	lai2
lai3	lai3	lai3	lai3
lai4	lai4	lai4	lai4
lai5	lai5	lai5	lai5
lai6	lai6	lai6	lai6
lak2	lak2	lak2	lak2
lak1	lak1	lak7	lak1
lak3	lak3	lak8	lak3
lak6	lak6	lak9	lak6
lam1	lam1	lam1	lam1
lam2	lam2	lam2	lam2
lam3	lam3	lam3	lam3
lam4	lam4	lam4	lam4
lam5	lam5	lam5	lam5
lam6	lam6	lam6	lam6
lan1	lan1	lan1	lan1
lan2	lan2	lan2	lan2
lan3	lan3	lan3	lan3
lan4	lan4	lan4	lan4
lan5	lan5	lan5	lan5
lan6	lan6	lan6	lan6
lang1	lang1	lang1	lang1
lang2	lang2	lang2	lang2
lang3	lang3	lang3	lang3
lang4	lang4	lang4	lang4
lang5	lang5	lang5	lang5
lang6	lang6	lang6	lang6
lap2	lap2	lap2	lap2
lap1	lap1	lap7	lap1
lap3	lap3	lap8	lap3
lap6	lap6	lap9	lap6
lat2	lat2	lat2	lat2
lat1	lat1	lat7	lat1
lat3	lat3	lat8	lat3
lat6	lat6	lat9	lat6
lau1	lau1	lau1	lau1
lau2	lau2	lau2	lau2
lau3	lau3	lau3	lau3
lau4	lau4	lau4	lau4
lau5	lau5	lau5	lau5
lau6	lau6	lau6	lau6
le1	le1	le1	le1
le2	le2	le2	le2
le3	le3	le3	le3
le4	le4	le4	le4
le5	le5	le5	le5
le6	le6	le6	le6
lei1	lei1	lei1	lei1
lei2	lei2	lei2	lei2
lei3	lei3	lei3	lei3
lei4	lei4	lei4	lei4
lei5	lei5	lei5	lei5
lei6	lei6	lei6	lei6
lek2	lek2	lek2	lek2
lek1	lek1	lek7	lek1
lek3	lek3	lek8	lek3
lek6	lek6	lek9	lek6
lem1	lem1	lem1	lem1
lem2	lem2	lem2	lem2
lem3	lem3	lem3	lem3
lem4	lem4	lem4	lem4
lem5	lem5	lem5	lem5
lem6	lem6	lem6	lem6
leng1	leng1	leng1	leng1
leng2	leng2	leng2	leng2
leng3	leng3	leng3	leng3
leng4	leng4	leng4	leng4
leng5	leng5	leng5	leng5
leng6	leng6	leng6	leng6
loe1	leu1	loe1	leuh1
loe2	leu2	loe2	leuh2
loe3	leu3	loe3	leuh3
loe4	leu4	loe4	leuh4
loe5	leu5	loe5	leuh5
loe6	leu6	loe6	leuh6
leoi1	leui1	loey1	lui1
leoi2	leui2	loey2	lui2
leoi3	leui3	loey3	lui3
leoi4	leui4	loey4	lui4
leoi5	leui5	loey5	lui5
leoi6	leui6	loey6	lui6
loek2	leuk2	loek2	leuk2
loek1	leuk1	loek7	leuk1
loek3	leuk3	loek8	leuk3
loek6	leuk6	loek9	leuk6
leon1	leun1	loen1	lun1
leon2	leun2	loen2	lun2
leon3	leun3	loen3	lun3
leon4	leun4	loen4	lun4
leon5	leun5	loen5	lun5
leon6	leun6	loen6	lun6
loeng1	leung1	loeng1	leung1
loeng2	leung2	loeng2	leung2
loeng3	leung3	loeng3	leung3
loeng4	leung4	loeng4	leung4
loeng5	leung5	loeng5	leung5
loeng6	leung6	loeng6	leung6
leot2	leut2	loet2	lut2
leot1	leut1	loet7	lut1
leot3	leut3	loet8	lut3
leot6	leut6	loet9	lut6
li1	li1	li1	li1
li2	li2	li2	li2
li3	li3	li3	li3
li4	li4	li4	li4
li5	li5	li5	li5
li6	li6	li6	li6
lik2	lik2	lik2	lik2
lik1	lik1	lik7	lik1
lik3	lik3	lik8	lik3
lik6	lik6	lik9	lik6
lim1	lim1	lim1	lim1
lim2	lim2	lim2	lim2
lim3	lim3	lim3	lim3
lim4	lim4	lim4	lim4
lim5	lim5	lim5	lim5
lim6	lim6	lim6	lim6
lin1	lin1	lin1	lin1
lin2	lin2	lin2	lin2
lin3	lin3	lin3	lin3
lin4	lin4	lin4	lin4
lin5	lin5	lin5	lin5
lin6	lin6	lin6	lin6
ling1	ling1	ling1	ling1
ling2	ling2	ling2	ling2
ling3	ling3	ling3	ling3
ling4	ling4	ling4	ling4
ling5	ling5	ling5	ling5
ling6	ling6	ling6	ling6
lip2	lip2	lip2	lip2
lip1	lip1	lip7	lip1
lip3	lip3	lip8	lip3
lip6	lip6	lip9	lip6
lit2	lit2	lit2	lit2
lit1	lit1	lit7	lit1
lit3	lit3	lit8	lit3
lit6	lit6	lit9	lit6
liu1	liu1	liu1	liu1
liu2	liu2	liu2	liu2
liu3	liu3	liu3	liu3
liu4	liu4	liu4	liu4
liu5	liu5	liu5	liu5
liu6	liu6	liu6	liu6
lo1	lo1	lo1	loh1
lo2	lo2	lo2	loh2
lo3	lo3	lo3	loh3
lo4	lo4	lo4	loh4
lo5	lo5	lo5	loh5
lo6	lo6	lo6	loh6
loi1	loi1	loi1	loi1
loi2	loi2	loi2	loi2
loi3	loi3	loi3	loi3
loi4	loi4	loi4	loi4
loi5	loi5	loi5	loi5
loi6	loi6	loi6	loi6
lok2	lok2	lok2	lok2
lok1	lok1	lok7	lok1
lok3	lok3	lok8	lok3
lok6	lok6	lok9	lok6
long1	long1	long1	long1
long2	long2	long2	long2
long3	long3	long3	long3
long4	long4	long4	long4
long5	long5	long5	long5
long6	long6	long6	long6
lou1	lou1	lou1	lo1
lou2	lou2	lou2	lo2
lou3	lou3	lou3	lo3
lou4	lou4	lou4	lo4
lou5	lou5	lou5	lo5
lou6	lou6	lou6	lo6
lu1	lu1	lu1	loo1
lu2	lu2	lu2	loo2
lu3	lu3	lu3	loo3
lu4	lu4	lu4	loo4
lu5	lu5	lu5	loo5
lu6	lu6	lu6	loo6
luk2	luk2	luk2	luk2
luk1	luk1	luk7	luk1
luk3	luk3	luk8	luk3
luk6	luk6	luk9	luk6
lung1	lung1	lung1	lung1
lung2	lung2	lung2	lung2
lung3	lung3	lung3	lung3
lung4	lung4	lung4	lung4
lung5	lung5	lung5	lung5
lung6	lung6	lung6	lung6
lyun1	lyun1	lyn1	luen1
lyun2	lyun2	lyn2	luen2
lyun3	lyun3	lyn3	luen3
lyun4	lyun4	lyn4	luen4
lyun5	lyun5	lyn5	luen5
lyun6	lyun6	lyn6	luen6
lyut2	lyut2	lyt2	luet2
lyut1	lyut1	lyt7	luet1
lyut3	lyut3	lyt8	luet3
lyut6	lyut6	lyt9	luet6
m1	m1	m1	m1
m2	m2	m2	m2
m3	m3	m3	m3
m4	m4	m4	m4
m5	m5	m5	m5
m6	m6	m6	m6
maa1	ma1	maa1	ma1
maa2	ma2	maa2	ma2
maa3	ma3	maa3	ma3
maa4	ma4	maa4	ma4
maa5	ma5	maa5	ma5
maa6	ma6	maa6	ma6
maai1	maai1	maai1	maai1
maai2	maai2	maai2	maai2
maai3	maai3	maai3	maai3
maai4	maai4	maai4	maai4
maai5	maai5	maai5	maai5
maai6	maai6	maai6	maai6
maak2	maak2	maak2	maak2
maak1	maak1	maak7	maak1
maak3	maak3	maak8	maak3
maak6	maak6	maak9	maak6
maan1	maan1	maan1	maan1
maan2	maan2	maan2	maan2
maan3	maan3	maan3	maan3
maan4	maan4	maan4	maan4
maan5	maan5	maan5	maan5
maan6	maan6	maan6	maan6
maang1	maang1	maang1	maang1
maang2	maang2	maang2	maang2
maang3	maang3	maang3	maang3
maang4	maang4	maang4	maang4
maang5	maang5	maang5	maang5
maang6	maang6	maang6	maang6
maat2	maat2	maat2	maat2
maat1	maat1	maat7	maat1
maat3	maat3	maat8	maat3
maat6	maat6	maat9	maat6
maau1	maau1	maau1	maau1
maau2	maau2	maau2	maau2
maau3	maau3	maau3	maau3
maau4	maau4	maau4	maau4
maau5	maau5	maau5	maau5
maau6	maau6	maau6	maau6
mai1	mai1	mai1	mai1
mai2	mai2	mai2	mai2
mai3	mai3	mai3	mai3
mai4	mai4	mai4	mai4
mai5	mai5	mai5	mai5
mai6	mai6	mai6	mai6
mak2	mak2	mak2	mak2
mak1	mak1	mak7	mak1
mak3	mak3	mak8	mak3
mak6	mak6	mak9	mak6
mam1	mam1	mam1	mam1
mam2	mam2	mam2	mam2
mam3	mam3	mam3	mam3
mam4	mam4	mam4	mam4
mam5	mam5	mam5	mam5
mam6	mam6	mam6	mam6
man1	man1	man1	man1
man2	man2	man2	man2
man3	man3	man3	man3
man4	man4	man4	man4
man5	man5	man5	man5
man6	man6	man6	man6
mang1	mang1	mang1	mang1
mang2	mang2	mang2	mang2
mang3	mang3	mang3	mang3
mang4	mang4	mang4	mang4
mang5	mang5	mang5	mang5
mang6	mang6	mang6	mang6
mat2	mat2	mat2	mat2
mat1	mat1	mat7	mat1
mat3	mat3	mat8	mat3
mat6	mat6	mat9	mat6
mau1	mau1	mau1	mau1
mau2	mau2	mau2	mau2
mau3	mau3	mau3	mau3
mau4	mau4	mau4	mau4
mau5	mau5	mau5	mau5
mau6	mau6	mau6	mau6
me1	me1	me1	me1
me2	me2	me2	me2
me3	me3	me3	me3
me4	me4	me4	me4
me5	me5	me5	me5
me6	me6	me6	me6
meu1	meeu1	meu1	meu1
meu2	meeu2	meu2	meu2
meu3	meeu3	meu3	meu3
meu4	meeu4	meu4	meu4
meu5	meeu5	meu5	meu5
meu6	meeu6	meu6	meu6
mei1	mei1	mei1	mei1
mei2	mei2	mei2	mei2
mei3	mei3	mei3	mei3
mei4	mei4	mei4	mei4
mei5	mei5	mei5	mei5
mei6	mei6	mei6	mei6
men1	men1	men1	men1
men2	men2	men2	men2
men3	men3	men3	men3
men4	men4	men4	men4
men5	men5	men5	men5
men6	men6	men6	men6
meng1	meng1	meng1	meng1
meng2	meng2	meng2	meng2
meng3	meng3	meng3	meng3
meng4	meng4	meng4	meng4
meng5	meng5	meng5	meng5
meng6	meng6	meng6	meng6
mi1	mi1	mi1	mi1
mi2	mi2	mi2	mi2
mi3	mi3	mi3	mi3
mi4	mi4	mi4	mi4
mi5	mi5	mi5	mi5
mi6	mi6	mi6	mi6
mik2	mik2	mik2	mik2
mik1	mik1	mik7	mik1
mik3	mik3	mik8	mik3
mik6	mik6	mik9	mik6
min1	min1	min1	min1
min2	min2	min2	min2
min3	min3	min3	min3
min4	min4	min4	min4
min5	min5	min5	min5
min6	min6	min6	min6
ming1	ming1	ming1	ming1
ming2	ming2	ming2	ming2
ming3	ming3	ming3	ming3
ming4	ming4	ming4	ming4
ming5	ming5	ming5	ming5
ming6	ming6	ming6	ming6
mit2	mit2	mit2	mit2
mit1	mit1	mit7	mit1
mit3	mit3	mit8	mit3
mit6	mit6	mit9	mit6
miu1	miu1	miu1	miu1
miu2	miu2	miu2	miu2
miu3	miu3	miu3	miu3
miu4	miu4	miu4	miu4
miu5	miu5	miu5	miu5
miu6	miu6	miu6	miu6
mo1	mo1	mo1	moh1
mo2	mo2	mo2	moh2
mo3	mo3	mo3	moh3
mo4	mo4	mo4	moh4
mo5	mo5	mo5	moh5
mo6	mo6	mo6	moh6
mok2	mok2	mok2	mok2
mok1	mok1	mok7	mok1
mok3	mok3	mok8	mok3
mok6	mok6	mok9	mok6
mon1	mon1	mon1	mon1
mon2	mon2	mon2	mon2
mon3	mon3	mon3	mon3
mon4	mon4	mon4	mon4
mon5	mon5	mon5	mon5
mon6	mon6	mon6	mon6
mong1	mong1	mong1	mong1
mong2	mong2	mong2	mong2
mong3	mong3	mong3	mong3
mong4	mong4	mong4	mong4
mong5	mong5	mong5	mong5
mong6	mong6	mong6	mong6
mou1	mou1	mou1	mo1
mou2	mou2	mou2	mo2
mou3	mou3	mou3	mo3
mou4	mou4	mou4	mo4
mou5	mou5	mou5	mo5
mou6	mou6	mou6	mo6
mui1	mui1	mui1	mooi1
mui2	mui2	mui2	mooi2
mui3	mui3	mui3	mooi3
mui4	mui4	mui4	mooi4
mui5	mui5	mui5	mooi5
mui6	mui6	mui6	mooi6
muk2	muk2	muk2	muk2
muk1	muk1	muk7	muk1
muk3	muk3	muk8	muk3
muk6	muk6	muk9	muk6
mun1	mun1	mun1	moon1
mun2	mun2	mun2	moon2
mun3	mun3	mun3	moon3
mun4	mun4	mun4	moon4
mun5	mun5	mun5	moon5
mun6	mun6	mun6	moon6
mung1	mung1	mung1	mung1
mung2	mung2	mung2	mung2
mung3	mung3	mung3	mung3
mung4	mung4	mung4	mung4
mung5	mung5	mung5	mung5
mung6	mung6	mung6	mung6
mut2	mut2	mut2	moot2
mut1	mut1	mut7	moot1
mut3	mut3	mut8	moot3
mut6	mut6	mut9	moot6
naa1	na1	naa1	na1
naa2	na2	naa2	na2
naa3	na3	naa3	na3
naa4	na4	naa4	na4
naa5	na5	naa5	na5
naa6	na6	naa6	na6
naai1	naai1	naai1	naai1
naai2	naai2	naai2	naai2
naai3	naai3	naai3	naai3
naai4	naai4	naai4	naai4
naai5	naai5	naai5	naai5
naai6	naai6	naai6	naai6
naam1	naam1	naam1	naam1
naam2	naam2	naam2	naam2
naam3	naam3	naam3	naam3
naam4	naam4	naam4	naam4
naam5	naam5	naam5	naam5
naam6	naam6	naam6	naam6
naan1	naan1	naan1	naan1
naan2	naan2	naan2	naan2
naan3	naan3	naan3	naan3
naan4	naan4	naan4	naan4
naan5	naan5	naan5	naan5
naan6	naan6	naan6	naan6
naang1	naang1	naang1	naang1
naang2	naang2	naang2	naang2
naang3	naang3	naang3	naang3
naang4	naang4	naang4	naang4
naang5	naang5	naang5	naang5
naang6	naang6	naang6	naang6
naap2	naap2	naap2	naap2
naap1	naap1	naap7	naap1
naap3	naap3	naap8	naap3
naap6	naap6	naap9	naap6
naat2	naat2	naat2	naat2
naat1	naat1	naat7	naat1
naat3	naat3	naat8	naat3
naat6	naat6	naat9	naat6
naau1	naau1	naau1	naau1
naau2	naau2	naau2	naau2
naau3	naau3	naau3	naau3
naau4	naau4	naau4	naau4
naau5	naau5	naau5	naau5
naau6	naau6	naau6	naau6
nai1	nai1	nai1	nai1
nai2	nai2	nai2	nai2
nai3	nai3	nai3	nai3
nai4	nai4	nai4	nai4
nai5	nai5	nai5	nai5
nai6	nai6	nai6	nai6
nak2	nak2	nak2	nak2
nak1	nak1	nak7	nak1
nak3	nak3	nak8	nak3
nak6	nak6	nak9	nak6
nam1	nam1	nam1	nam1
nam2	nam2	nam2	nam2
nam3	nam3	nam3	nam3
nam4	nam4	nam4	nam4
nam5	nam5	nam5	nam5
nam6	nam6	nam6	nam6
nan1	nan1	nan1	nan1
nan2	nan2	nan2	nan2
nan3	nan3	nan3	nan3
nan4	nan4	nan4	nan4
nan5	nan5	nan5	nan5
nan6	nan6	nan6	nan6
nang1	nang1	nang1	nang1
nang2	nang2	nang2	nang2
nang3	nang3	nang3	nang3
nang4	nang4	nang4	nang4
nang5	nang5	nang5	nang5
nang6	nang6	nang6	nang6
nap2	nap2	nap2	nap2
nap1	nap1	nap7	nap1
nap3	nap3	nap8	nap3
nap6	nap6	nap9	nap6
nat2	nat2	nat2	nat2
nat1	nat1	nat7	nat1
nat3	nat3	nat8	nat3
nat6	nat6	nat9	nat6
nau1	nau1	nau1	nau1
nau2	nau2	nau2	nau2
nau3	nau3	nau3	nau3
nau4	nau4	nau4	nau4
nau5	nau5	nau5	nau5
nau6	nau6	nau6	nau6
ne1	ne1	ne1	ne1
ne2	ne2	ne2	ne2
ne3	ne3	ne3	ne3
ne4	ne4	ne4	ne4
ne5	ne5	ne5	ne5
ne6	ne6	ne6	ne6
nei1	nei1	nei1	nei1
nei2	nei2	nei2	nei2
nei3	nei3	nei3	nei3
nei4	nei4	nei4	nei4
nei5	nei5	nei5	nei5
nei6	nei6	nei6	nei6
neng1	neng1	neng1	neng1
neng2	neng2	neng2	neng2
neng3	neng3	neng3	neng3
neng4	neng4	neng4	neng4
neng5	neng5	neng5	neng5
neng6	neng6	neng6	neng6
neoi1	neui1	noey1	nui1
neoi2	neui2	noey2	nui2
neoi3	neui3	noey3	nui3
neoi4	neui4	noey4	nui4
neoi5	neui5	noey5	nui5
neoi6	neui6	noey6	nui6
noeng1	neung1	noeng1	neung1
noeng2	neung2	noeng2	neung2
noeng3	neung3	noeng3	neung3
noeng4	neung4	noeng4	neung4
noeng5	neung5	noeng5	neung5
noeng6	neung6	noeng6	neung6
neot2	neut2	noet2	nut2
neot1	neut1	noet7	nut1
neot3	neut3	noet8	nut3
neot6	neut6	noet9	nut6
ng1	ng1	ng1	ng1
ng2	ng2	ng2	ng2
ng3	ng3	ng3	ng3
ng4	ng4	ng4	ng4
ng5	ng5	ng5	ng5
ng6	ng6	ng6	ng6
ngaa1	nga1	ngaa1	nga1
ngaa2	nga2	ngaa2	nga2
ngaa3	nga3	ngaa3	nga3
ngaa4	nga4	ngaa4	nga4
ngaa5	nga5	ngaa5	nga5
ngaa6	nga6	ngaa6	nga6
ngaai1	ngaai1	ngaai1	ngaai1
ngaai2	ngaai2	ngaai2	ngaai2
ngaai3	ngaai3	ngaai3	ngaai3
ngaai4	ngaai4	ngaai4	ngaai4
ngaai5	ngaai5	ngaai5	ngaai5
ngaai6	ngaai6	ngaai6	ngaai6
ngaak2	ngaak2	ngaak2	ngaak2
ngaak1	ngaak1	ngaak7	ngaak1
ngaak3	ngaak3	ngaak8	ngaak3
ngaak6	ngaak6	ngaak9	ngaak6
ngaam1	ngaam1	ngaam1	ngaam1
ngaam2	ngaam2	ngaam2	ngaam2
ngaam3	ngaam3	ngaam3	ngaam3
ngaam4	ngaam4	ngaam4	ngaam4
ngaam5	ngaam5	ngaam5	ngaam5
ngaam6	ngaam6	ngaam6	ngaam6
ngaan1	ngaan1	ngaan1	ngaan1
ngaan2	ngaan2	ngaan2	ngaan2
ngaan3	ngaan3	ngaan3	ngaan3
ngaan4	ngaan4	ngaan4	ngaan4
ngaan5	ngaan5	ngaan5	ngaan5
ngaan6	ngaan6	ngaan6	ngaan6
ngaang1	ngaang1	ngaang1	ngaang1
ngaang2	ngaang2	ngaang2	ngaang2
ngaang3	ngaang3	ngaang3	ngaang3
ngaang4	ngaang4	ngaang4	ngaang4
ngaang5	ngaang5	ngaang5	ngaang5
ngaang6	ngaang6	ngaang6	ngaang6
ngaap2	ngaap2	ngaap2	ngaap2
ngaap1	ngaap1	ngaap7	ngaap1
ngaap3	ngaap3	ngaap8	ngaap3
ngaap6	ngaap6	ngaap9	ngaap6
ngaat2	ngaat2	ngaat2	ngaat2
ngaat1	ngaat1	ngaat7	ngaat1
ngaat3	ngaat3	ngaat8	ngaat3
ngaat6	ngaat6	ngaat9	ngaat6
ngaau1	ngaau1	ngaau1	ngaau1
ngaau2	ngaau2	ngaau2	ngaau2
ngaau3	ngaau3	ngaau3	ngaau3
ngaau4	ngaau4	ngaau4	ngaau4
ngaau5	ngaau5	ngaau5	ngaau5
ngaau6	ngaau6	ngaau6	ngaau6
ngai1	ngai1	ngai1	ngai1
ngai2	ngai2	ngai2	ngai2
ngai3	ngai3	ngai3	ngai3
ngai4	ngai4	ngai4	ngai4
ngai5	ngai5	ngai5	ngai5
ngai6	ngai6	ngai6	ngai6
ngak2	ngak2	ngak2	ngak2
ngak1	ngak1	ngak7	ngak1
ngak3	ngak3	ngak8	ngak3
ngak6	ngak6	ngak9	ngak6
ngam1	ngam1	ngam1	ngam1
ngam2	ngam2	ngam2	ngam2
ngam3	ngam3	ngam3	ngam3
ngam4	ngam4	ngam4	ngam4
ngam5	ngam5	ngam5	ngam5
ngam6	ngam6	ngam6	ngam6
ngan1	ngan1	ngan1	ngan1
ngan2	ngan2	ngan2	ngan2
ngan3	ngan3	ngan3	ngan3
ngan4	ngan4	ngan4	ngan4
ngan5	ngan5	ngan5	ngan5
ngan6	ngan6	ngan6	ngan6
ngang1	ngang1	ngang1	ngang1
ngang2	ngang2	ngang2	ngang2
ngang3	ngang3	ngang3	ngang3
ngang4	ngang4	ngang4	ngang4
ngang5	ngang5	ngang5	ngang5
ngang6	ngang6	ngang6	ngang6
ngap2	ngap2	ngap2	ngap2
ngap1	ngap1	ngap7	ngap1
ngap3	ngap3	ngap8	ngap3
ngap6	ngap6	ngap9	ngap6
ngat2	ngat2	ngat2	ngat2
ngat1	ngat1	ngat7	ngat1
ngat3	ngat3	ngat8	ngat3
ngat6	ngat6	ngat9	ngat6
ngau1	ngau1	ngau1	ngau1
ngau2	ngau2	ngau2	ngau2
ngau3	ngau3	ngau3	ngau3
ngau4	ngau4	ngau4	ngau4
ngau5	ngau5	ngau5	ngau5
ngau6	ngau6	ngau6	ngau6
nge1	nge1	nge1	nge1
nge2	nge2	nge2	nge2
nge3	nge3	nge3	nge3
nge4	nge4	nge4	nge4
nge5	nge5	nge5	nge5
nge6	nge6	nge6	nge6
ngi1	ngi1	ngi1	ngi1
ngi2	ngi2	ngi2	ngi2
ngi3	ngi3	ngi3	ngi3
ngi4	ngi4	ngi4	ngi4
ngi5	ngi5	ngi5	ngi5
ngi6	ngi6	ngi6	ngi6
ngit2	ngit2	ngit2	ngit2
ngit1	ngit1	ngit7	ngit1
ngit3	ngit3	ngit8	ngit3
ngit6	ngit6	ngit9	ngit6
ngo1	ngo1	ngo1	ngoh1
ngo2	ngo2	ngo2	ngoh2
ngo3	ngo3	ngo3	ngoh3
ngo4	ngo4	ngo4	ngoh4
ngo5	ngo5	ngo5	ngoh5
ngo6	ngo6	ngo6	ngoh6
ngoi1	ngoi1	ngoi1	ngoi1
ngoi2	ngoi2	ngoi2	ngoi2
ngoi3	ngoi3	ngoi3	ngoi3
ngoi4	ngoi4	ngoi4	ngoi4
ngoi5	ngoi5	ngoi5	ngoi5
ngoi6	ngoi6	ngoi6	ngoi6
ngok2	ngok2	ngok2	ngok2
ngok1	ngok1	ngok7	ngok1
ngok3	ngok3	ngok8	ngok3
ngok6	ngok6	ngok9	ngok6
ngon1	ngon1	ngon1	ngon1
ngon2	ngon2	ngon2	ngon2
ngon3	ngon3	ngon3	ngon3
ngon4	ngon4	ngon4	ngon4
ngon5	ngon5	ngon5	ngon5
ngon6	ngon6	ngon6	ngon6
ngong1	ngong1	ngong1	ngong1
ngong2	ngong2	ngong2	ngong2
ngong3	ngong3	ngong3	ngong3
ngong4	ngong4	ngong4	ngong4
ngong5	ngong5	ngong5	ngong5
ngong6	ngong6	ngong6	ngong6
ngou1	ngou1	ngou1	ngo1
ngou2	ngou2	ngou2	ngo2
ngou3	ngou3	ngou3	ngo3
ngou4	ngou4	ngou4	ngo4
ngou5	ngou5	ngou5	ngo5
ngou6	ngou6	ngou6	ngo6
nguk2	nguk2	nguk2	nguk2
nguk1	nguk1	nguk7	nguk1
nguk3	nguk3	nguk8	nguk3
nguk6	nguk6	nguk9	nguk6
ngung1	ngung1	ngung1	ngung1
ngung2	ngung2	ngung2	ngung2
ngung3	ngung3	ngung3	ngung3
ngung4	ngung4	ngung4	ngung4
ngung5	ngung5	ngung5	ngung5
ngung6	ngung6	ngung6	ngung6
ni1	ni1	ni1	ni1
ni2	ni2	ni2	ni2
ni3	ni3	ni3	ni3
ni4	ni4	ni4	ni4
ni5	ni5	ni5	ni5
ni6	ni6	ni6	ni6
nik2	nik2	nik2	nik2
nik1	nik1	nik7	nik1
nik3	nik3	nik8	nik3
nik6	nik6	nik9	nik6
nim1	nim1	nim1	nim1
nim2	nim2	nim2	nim2
nim3	nim3	nim3	nim3
nim4	nim4	nim4	nim4
nim5	nim5	nim5	nim5
nim6	nim6	nim6	nim6
nin1	nin1	nin1	nin1
nin2	nin2	nin2	nin2
nin3	nin3	nin3	nin3
nin4	nin4	nin4	nin4
nin5	nin5	nin5	nin5
nin6	nin6	nin6	nin6
ning1	ning1	ning1	ning1
ning2	ning2	ning2	ning2
ning3	ning3	ning3	ning3
ning4	ning4	ning4	ning4
ning5	ning5	ning5	ning5
ning6	ning6	ning6	ning6
nip2	nip2	nip2	nip2
nip1	nip1	nip7	nip1
nip3	nip3	nip8	nip3
nip6	nip6	nip9	nip6
nit2	nit2	nit2	nit2
nit1	nit1	nit7	nit1
nit3	nit3	nit8	nit3
nit6	nit6	nit9	nit6
niu1	niu1	niu1	niu1
niu2	niu2	niu2	niu2
niu3	niu3	niu3	niu3
niu4	niu4	niu4	niu4
niu5	niu5	niu5	niu5
niu6	niu6	niu6	niu6
no1	no1	no1	noh1
no2	no2	no2	noh2
no3	no3	no3	noh3
no4	no4	no4	noh4
no5	no5	no5	noh5
no6	no6	no6	noh6
noi1	noi1	noi1	noi1
noi2	noi2	noi2	noi2
noi3	noi3	noi3	noi3
noi4	noi4	noi4	noi4
noi5	noi5	noi5	noi5
noi6	noi6	noi6	noi6
nok2	nok2	nok2	nok2
nok1	nok1	nok7	nok1
nok3	nok3	nok8	nok3
nok6	nok6	nok9	nok6
nong1	nong1	nong1	nong1
nong2	nong2	nong2	nong2
nong3	nong3	nong3	nong3
nong4	nong4	nong4	nong4
nong5	nong5	nong5	nong5
nong6	nong6	nong6	nong6
nou1	nou1	nou1	no1
nou2	nou2	nou2	no2
nou3	nou3	nou3	no3
nou4	nou4	nou4	no4
nou5	nou5	nou5	no5
nou6	nou6	nou6	no6
nuk2	nuk2	nuk2	nuk2
nuk1	nuk1	nuk7	nuk1
nuk3	nuk3	nuk8	nuk3
nuk6	nuk6	nuk9	nuk6
nung1	nung1	nung1	nung1
nung2	nung2	nung2	nung2
nung3	nung3	nung3	nung3
nung4	nung4	nung4	nung4
nung5	nung5	nung5	nung5
nung6	nung6	nung6	nung6
nyun1	nyun1	nyn1	nuen1
nyun2	nyun2	nyn2	nuen2
nyun3	nyun3	nyn3	nuen3
nyun4	nyun4	nyn4	nuen4
nyun5	nyun5	nyn5	nuen5
nyun6	nyun6	nyn6	nuen6
o1	o1	o1	oh1
o2	o2	o2	oh2
o3	o3	o3	oh3
o4	o4	o4	oh4
o5	o5	o5	oh5
o6	o6	o6	oh6
oi1	oi1	oi1	oi1
oi2	oi2	oi2	oi2
oi3	oi3	oi3	oi3
oi4	oi4	oi4	oi4
oi5	oi5	oi5	oi5
oi6	oi6	oi6	oi6
ok2	ok2	ok2	ok2
ok1	ok1	ok7	ok1
ok3	ok3	ok8	ok3
ok6	ok6	ok9	ok6
on1	on1	on1	on1
on2	on2	on2	on2
on3	on3	on3	on3
on4	on4	on4	on4
on5	on5	on5	on5
on6	on6	on6	on6
ong1	ong1	ong1	ong1
ong2	ong2	ong2	ong2
ong3	ong3	ong3	ong3
ong4	ong4	ong4	ong4
ong5	ong5	ong5	ong5
ong6	ong6	ong6	ong6
ou1	ou1	ou1	o1
ou2	ou2	ou2	o2
ou3	ou3	ou3	o3
ou4	ou4	ou4	o4
ou5	ou5	ou5	o5
ou6	ou6	ou6	o6
paa1	pa1	paa1	pa1
paa2	pa2	paa2	pa2
paa3	pa3	paa3	pa3
paa4	pa4	paa4	pa4
paa5	pa5	paa5	pa5
paa6	pa6	paa6	pa6
paai1	paai1	paai1	paai1
paai2	paai2	paai2	paai2
paai3	paai3	paai3	paai3
paai4	paai4	paai4	paai4
paai5	paai5	paai5	paai5
paai6	paai6	paai6	paai6
paak2	paak2	paak2	paak2
paak1	paak1	paak7	paak1
paak3	paak3	paak8	paak3
paak6	paak6	paak9	paak6
paan1	paan1	paan1	paan1
paan2	paan2	paan2	paan2
paan3	paan3	paan3	paan3
paan4	paan4	paan4	paan4
paan5	paan5	paan5	paan5
paan6	paan6	paan6	paan6
paang1	paang1	paang1	paang1
paang2	paang2	paang2	paang2
paang3	paang3	paang3	paang3
paang4	paang4	paang4	paang4
paang5	paang5	paang5	paang5
paang6	paang6	paang6	paang6
paat2	paat2	paat2	paat2
paat1	paat1	paat7	paat1
paat3	paat3	paat8	paat3
paat6	paat6	paat9	paat6
paau1	paau1	paau1	paau1
paau2	paau2	paau2	paau2
paau3	paau3	paau3	paau3
paau4	paau4	paau4	paau4
paau5	paau5	paau5	paau5
paau6	paau6	paau6	paau6
pai1	pai1	pai1	pai1
pai2	pai2	pai2	pai2
pai3	pai3	pai3	pai3
pai4	pai4	pai4	pai4
pai5	pai5	pai5	pai5
pai6	pai6	pai6	pai6
pak2	pak2	pak2	pak2
pak1	pak1	pak7	pak1
pak3	pak3	pak8	pak3
pak6	pak6	pak9	pak6
pan1	pan1	pan1	pan1
pan2	pan2	pan2	pan2
pan3	pan3	pan3	pan3
pan4	pan4	pan4	pan4
pan5	pan5	pan5	pan5
pan6	pan6	pan6	pan6
pang1	pang1	pang1	pang1
pang2	pang2	pang2	pang2
pang3	pang3	pang3	pang3
pang4	pang4	pang4	pang4
pang5	pang5	pang5	pang5
pang6	pang6	pang6	pang6
pat2	pat2	pat2	pat2
pat1	pat1	pat7	pat1
pat3	pat3	pat8	pat3
pat6	pat6	pat9	pat6
pau1	pau1	pau1	pau1
pau2	pau2	pau2	pau2
pau3	pau3	pau3	pau3
pau4	pau4	pau4	pau4
pau5	pau5	pau5	pau5
pau6	pau6	pau6	pau6
pe1	pe1	pe1	pe1
pe2	pe2	pe2	pe2
pe3	pe3	pe3	pe3
pe4	pe4	pe4	pe4
pe5	pe5	pe5	pe5
pe6	pe6	pe6	pe6
peu1	peeu1	peu1	peu1
peu2	peeu2	peu2	peu2
peu3	peeu3	peu3	peu3
peu4	peeu4	peu4	peu4
peu5	peeu5	peu5	peu5
peu6	peeu6	peu6	peu6
pei1	pei1	pei1	pei1
pei2	pei2	pei2	pei2
pei3	pei3	pei3	pei3
pei4	pei4	pei4	pei4
pei5	pei5	pei5	pei5
pei6	pei6	pei6	pei6
pek2	pek2	pek2	pek2
pek1	pek1	pek7	pek1
pek3	pek3	pek8	pek3
pek6	pek6	pek9	pek6
pen1	pen1	pen1	pen1
pen2	pen2	pen2	pen2
pen3	pen3	pen3	pen3
pen4	pen4	pen4	pen4
pen5	pen5	pen5	pen5
pen6	pen6	pen6	pen6
peng1	peng1	peng1	peng1
peng2	peng2	peng2	peng2
peng3	peng3	peng3	peng3
peng4	peng4	peng4	peng4
peng5	peng5	peng5	peng5
peng6	peng6	peng6	peng6
pet2	pet2	pet2	pet2
pet1	pet1	pet7	pet1
pet3	pet3	pet8	pet3
pet6	pet6	pet9	pet6
pi1	pi1	pi1	pi1
pi2	pi2	pi2	pi2
pi3	pi3	pi3	pi3
pi4	pi4	pi4	pi4
pi5	pi5	pi5	pi5
pi6	pi6	pi6	pi6
pik2	pik2	pik2	pik2
pik1	pik1	pik7	pik1
pik3	pik3	pik8	pik3
pik6	pik6	pik9	pik6
pin1	pin1	pin1	pin1
pin2	pin2	pin2	pin2
pin3	pin3	pin3	pin3
pin4	pin4	pin4	pin4
pin5	pin5	pin5	pin5
pin6	pin6	pin6	pin6
ping1	ping1	ping1	ping1
ping2	ping2	ping2	ping2
ping3	ping3	ping3	ping3
ping4	ping4	ping4	ping4
ping5	ping5	ping5	ping5
ping6	ping6	ping6	ping6
pit2	pit2	pit2	pit2
pit1	pit1	pit7	pit1
pit3	pit3	pit8	pit3
pit6	pit6	pit9	pit6
piu1	piu1	piu1	piu1
piu2	piu2	piu2	piu2
piu3	piu3	piu3	piu3
piu4	piu4	piu4	piu4
piu5	piu5	piu5	piu5
piu6	piu6	piu6	piu6
po1	po1	po1	poh1
po2	po2	po2	poh2
po3	po3	po3	poh3
po4	po4	po4	poh4
po5	po5	po5	poh5
po6	po6	po6	poh6
pok2	pok2	pok2	pok2
pok1	pok1	pok7	pok1
pok3	pok3	pok8	pok3
pok6	pok6	pok9	pok6
pong1	pong1	pong1	pong1
pong2	pong2	pong2	pong2
pong3	pong3	pong3	pong3
pong4	pong4	pong4	pong4
pong5	pong5	pong5	pong5
pong6	pong6	pong6	pong6
pot2	pot2	pot2	pot2
pot1	pot1	pot7	pot1
pot3	pot3	pot8	pot3
pot6	pot6	pot9	pot6
pou1	pou1	pou1	po1
pou2	pou2	pou2	po2
pou3	pou3	pou3	po3
pou4	pou4	pou4	po4
pou5	pou5	pou5	po5
pou6	pou6	pou6	po6
pui1	pui1	pui1	pooi1
pui2	pui2	pui2	pooi2
pui3	pui3	pui3	pooi3
pui4	pui4	pui4	pooi4
pui5	pui5	pui5	pooi5
pui6	pui6	pui6	pooi6
puk2	puk2	puk2	puk2
puk1	puk1	puk7	puk1
puk3	puk3	puk8	puk3
puk6	puk6	puk9	puk6
pun1	pun1	pun1	poon1
pun2	pun2	pun2	poon2
pun3	pun3	pun3	poon3
pun4	pun4	pun4	poon4
pun5	pun5	pun5	poon5
pun6	pun6	pun6	poon6
pung1	pung1	pung1	pung1
pung2	pung2	pung2	pung2
pung3	pung3	pung3	pung3
pung4	pung4	pung4	pung4
pung5	pung5	pung5	pung5
pung6	pung6	pung6	pung6
put2	put2	put2	poot2
put1	put1	put7	poot1
put3	put3	put8	poot3
put6	put6	put9	poot6
saa1	sa1	saa1	sa1
saa2	sa2	saa2	sa2
saa3	sa3	saa3	sa3
saa4	sa4	saa4	sa4
saa5	sa5	saa5	sa5
saa6	sa6	saa6	sa6
saai1	saai1	saai1	saai1
saai2	saai2	saai2	saai2
saai3	saai3	saai3	saai3
saai4	saai4	saai4	saai4
saai5	saai5	saai5	saai5
saai6	saai6	saai6	saai6
saak2	saak2	saak2	saak2
saak1	saak1	saak7	saak1
saak3	saak3	saak8	saak3
saak6	saak6	saak9	saak6
saam1	saam1	saam1	saam1
saam2	saam2	saam2	saam2
saam3	saam3	saam3	saam3
saam4	saam4	saam4	saam4
saam5	saam5	saam5	saam5
saam6	saam6	saam6	saam6
saan1	saan1	saan1	saan1
saan2	saan2	saan2	saan2
saan3	saan3	saan3	saan3
saan4	saan4	saan4	saan4
saan5	saan5	saan5	saan5
saan6	saan6	saan6	saan6
saang1	saang1	saang1	saang1
saang2	saang2	saang2	saang2
saang3	saang3	saang3	saang3
saang4	saang4	saang4	saang4
saang5	saang5	saang5	saang5
saang6	saang6	saang6	saang6
saap2	saap2	saap2	saap2
saap1	saap1	saap7	saap1
saap3	saap3	saap8	saap3
saap6	saap6	saap9	saap6
saat2	saat2	saat2	saat2
saat1	saat1	saat7	saat1
saat3	saat3	saat8	saat3
saat6	saat6	saat9	saat6
saau1	saau1	saau1	saau1
saau2	saau2	saau2	saau2
saau3	saau3	saau3	saau3
saau4	saau4	saau4	saau4
saau5	saau5	saau5	saau5
saau6	saau6	saau6	saau6
sai1	sai1	sai1	sai1
sai2	sai2	sai2	sai2
sai3	sai3	sai3	sai3
sai4	sai4	sai4	sai4
sai5	sai5	sai5	sai5
sai6	sai6	sai6	sai6
sak2	sak2	sak2	sak2
sak1	sak1	sak7	sak1
sak3	sak3	sak8	sak3
sak6	sak6	sak9	sak6
sam1	sam1	sam1	sam1
sam2	sam2	sam2	sam2
sam3	sam3	sam3	sam3
sam4	sam4	sam4	sam4
sam5	sam5	sam5	sam5
sam6	sam6	sam6	sam6
san1	san1	san1	san1
san2	san2	san2	san2
san3	san3	san3	san3
san4	san4	san4	san4
san5	san5	san5	san5
san6	san6	san6	san6
sang1	sang1	sang1	sang1
sang2	sang2	sang2	sang2
sang3	sang3	sang3	sang3
sang4	sang4	sang4	sang4
sang5	sang5	sang5	sang5
sang6	sang6	sang6	sang6
sap2	sap2	sap2	sap2
sap1	sap1	sap7	sap1
sap3	sap3	sap8	sap3
sap6	sap6	sap9	sap6
sat2	sat2	sat2	sat2
sat1	sat1	sat7	sat1
sat3	sat3	sat8	sat3
sat6	sat6	sat9	sat6
sau1	sau1	sau1	sau1
sau2	sau2	sau2	sau2
sau3	sau3	sau3	sau3
sau4	sau4	sau4	sau4
sau5	sau5	sau5	sau5
sau6	sau6	sau6	sau6
se1	se1	se1	se1
se2	se2	se2	se2
se3	se3	se3	se3
se4	se4	se4	se4
se5	se5	se5	se5
se6	se6	se6	se6
sei1	sei1	sei1	sei1
sei2	sei2	sei2	sei2
sei3	sei3	sei3	sei3
sei4	sei4	sei4	sei4
sei5	sei5	sei5	sei5
sei6	sei6	sei6	sei6
sek2	sek2	sek2	sek2
sek1	sek1	sek7	sek1
sek3	sek3	sek8	sek3
sek6	sek6	sek9	sek6
sen1	sen1	sen1	sen1
sen2	sen2	sen2	sen2
sen3	sen3	sen3	sen3
sen4	sen4	sen4	sen4
sen5	sen5	sen5	sen5
sen6	sen6	sen6	sen6
seng1	seng1	seng1	seng1
seng2	seng2	seng2	seng2
seng3	seng3	seng3	seng3
seng4	seng4	seng4	seng4
seng5	seng5	seng5	seng5
seng6	seng6	seng6	seng6
set2	set2	set2	set2
set1	set1	set7	set1
set3	set3	set8	set3
set6	set6	set9	set6
soe1	seu1	soe1	seuh1
soe2	seu2	soe2	seuh2
soe3	seu3	soe3	seuh3
soe4	seu4	soe4	seuh4
soe5	seu5	soe5	seuh5
soe6	seu6	soe6	seuh6
seoi1	seui1	soey1	sui1
seoi2	seui2	soey2	sui2
seoi3	seui3	soey3	sui3
seoi4	seui4	soey4	sui4
seoi5	seui5	soey5	sui5
seoi6	seui6	soey6	sui6
soek2	seuk2	soek2	seuk2
soek1	seuk1	soek7	seuk1
soek3	seuk3	soek8	seuk3
soek6	seuk6	soek9	seuk6
seon1	seun1	soen1	sun1
seon2	seun2	soen2	sun2
seon3	seun3	soen3	sun3
seon4	seun4	soen4	sun4
seon5	seun5	soen5	sun5
seon6	seun6	soen6	sun6
soeng1	seung1	soeng1	seung1
soeng2	seung2	soeng2	seung2
soeng3	seung3	soeng3	seung3
soeng4	seung4	soeng4	seung4
soeng5	seung5	soeng5	seung5
soeng6	seung6	soeng6	seung6
seot2	seut2	soet2	sut2
seot1	seut1	soet7	sut1
seot3	seut3	soet8	sut3
seot6	seut6	soet9	sut6
si1	si1	si1	si1
si2	si2	si2	si2
si3	si3	si3	si3
si4	si4	si4	si4
si5	si5	si5	si5
si6	si6	si6	si6
sik2	sik2	sik2	sik2
sik1	sik1	sik7	sik1
sik3	sik3	sik8	sik3
sik6	sik6	sik9	sik6
sim1	sim1	sim1	sim1
sim2	sim2	sim2	sim2
sim3	sim3	sim3	sim3
sim4	sim4	sim4	sim4
sim5	sim5	sim5	sim5
sim6	sim6	sim6	sim6
sin1	sin1	sin1	sin1
sin2	sin2	sin2	sin2
sin3	sin3	sin3	sin3
sin4	sin4	sin4	sin4
sin5	sin5	sin5	sin5
sin6	sin6	sin6	sin6
sing1	sing1	sing1	sing1
sing2	sing2	sing2	sing2
sing3	sing3	sing3	sing3
sing4	sing4	sing4	sing4
sing5	sing5	sing5	sing5
sing6	sing6	sing6	sing6
sip2	sip2	sip2	sip2
sip1	sip1	sip7	sip1
sip3	sip3	sip8	sip3
sip6	sip6	sip9	sip6
sit2	sit2	sit2	sit2
sit1	sit1	sit7	sit1
sit3	sit3	sit8	sit3
sit6	sit6	sit9	sit6
siu1	siu1	siu1	siu1
siu2	siu2	siu2	siu2
siu3	siu3	siu3	siu3
siu4	siu4	siu4	siu4
siu5	siu5	siu5	siu5
siu6	siu6	siu6	siu6
so1	so1	so1	soh1
so2	so2	so2	soh2
so3	so3	so3	soh3
so4	so4	so4	soh4
so5	so5	so5	soh5
so6	so6	so6	soh6
soi1	soi1	soi1	soi1
soi2	soi2	soi2	soi2
soi3	soi3	soi3	soi3
soi4	soi4	soi4	soi4
soi5	soi5	soi5	soi5
soi6	soi6	soi6	soi6
sok2	sok2	sok2	sok2
sok1	sok1	sok7	sok1
sok3	sok3	sok8	sok3
sok6	sok6	sok9	sok6
song1	song1	song1	song1
song2	song2	song2	song2
song3	song3	song3	song3
song4	song4	song4	song4
song5	song5	song5	song5
song6	song6	song6	song6
sot2	sot2	sot2	sot2
sot1	sot1	sot7	sot1
sot3	sot3	sot8	sot3
sot6	sot6	sot9	sot6
sou1	sou1	sou1	so1
sou2	sou2	sou2	so2
sou3	sou3	sou3	so3
sou4	sou4	sou4	so4
sou5	sou5	sou5	so5
sou6	sou6	sou6	so6
su1	su1	su1	soo1
su2	su2	su2	soo2
su3	su3	su3	soo3
su4	su4	su4	soo4
su5	su5	su5	soo5
su6	su6	su6	soo6
suk2	suk2	suk2	suk2
suk1	suk1	suk7	suk1
suk3	suk3	suk8	suk3
suk6	suk6	suk9	suk6
sung1	sung1	sung1	sung1
sung2	sung2	sung2	sung2
sung3	sung3	sung3	sung3
sung4	sung4	sung4	sung4
sung5	sung5	sung5	sung5
sung6	sung6	sung6	sung6
syu1	syu1	sy1	sue1
syu2	syu2	sy2	sue2
syu3	syu3	sy3	sue3
syu4	syu4	sy4	sue4
syu5	syu5	sy5	sue5
syu6	syu6	sy6	sue6
syun1	syun1	syn1	suen1
syun2	syun2	syn2	suen2
syun3	syun3	syn3	suen3
syun4	syun4	syn4	suen4
syun5	syun5	syn5	suen5
syun6	syun6	syn6	suen6
syut2	syut2	syt2	suet2
syut1	syut1	syt7	suet1
syut3	syut3	syt8	suet3
syut6	syut6	syt9	suet6
taa1	ta1	taa1	ta1
taa2	ta2	taa2	ta2
taa3	ta3	taa3	ta3
taa4	ta4	taa4	ta4
taa5	ta5	taa5	ta5
taa6	ta6	taa6	ta6
taai1	taai1	taai1	taai1
taai2	taai2	taai2	taai2
taai3	taai3	taai3	taai3
taai4	taai4	taai4	taai4
taai5	taai5	taai5	taai5
taai6	taai6	taai6	taai6
taam1	taam1	taam1	taam1
taam2	taam2	taam2	taam2
taam3	taam3	taam3	taam3
taam4	taam4	taam4	taam4
taam5	taam5	taam5	taam5
taam6	taam6	taam6	taam6
taan1	taan1	taan1	taan1
taan2	taan2	taan2	taan2
taan3	taan3	taan3	taan3
taan4	taan4	taan4	taan4
taan5	taan5	taan5	taan5
taan6	taan6	taan6	taan6
taang1	taang1	taang1	taang1
taang2	taang2	taang2	taang2
taang3	taang3	taang3	taang3
taang4	taang4	taang4	taang4
taang5	taang5	taang5	taang5
taang6	taang6	taang6	taang6
taap2	taap2	taap2	taap2
taap1	taap1	taap7	taap1
taap3	taap3	taap8	taap3
taap6	taap6	taap9	taap6
taat2	taat2	taat2	taat2
taat1	taat1	taat7	taat1
taat3	taat3	taat8	taat3
taat6	taat6	taat9	taat6
taau1	taau1	taau1	taau1
taau2	taau2	taau2	taau2
taau3	taau3	taau3	taau3
taau4	taau4	taau4	taau4
taau5	taau5	taau5	taau5
taau6	taau6	taau6	taau6
tai1	tai1	tai1	tai1
tai2	tai2	tai2	tai2
tai3	tai3	tai3	tai3
tai4	tai4	tai4	tai4
tai5	tai5	tai5	tai5
tai6	tai6	tai6	tai6
tam1	tam1	tam1	tam1
tam2	tam2	tam2	tam2
tam3	tam3	tam3	tam3
tam4	tam4	tam4	tam4
tam5	tam5	tam5	tam5
tam6	tam6	tam6	tam6
tan1	tan1	tan1	tan1
tan2	tan2	tan2	tan2
tan3	tan3	tan3	tan3
tan4	tan4	tan4	tan4
tan5	tan5	tan5	tan5
tan6	tan6	tan6	tan6
tang1	tang1	tang1	tang1
tang2	tang2	tang2	tang2
tang3	tang3	tang3	tang3
tang4	tang4	tang4	tang4
tang5	tang5	tang5	tang5
tang6	tang6	tang6	tang6
tap2	tap2	tap2	tap2
tap1	tap1	tap7	tap1
tap3	tap3	tap8	tap3
tap6	tap6	tap9	tap6
tat2	tat2	tat2	tat2
tat1	tat1	tat7	tat1
tat3	tat3	tat8	tat3
tat6	tat6	tat9	tat6
tau1	tau1	tau1	tau1
tau2	tau2	tau2	tau2
tau3	tau3	tau3	tau3
tau4	tau4	tau4	tau4
tau5	tau5	tau5	tau5
tau6	tau6	tau6	tau6
tei1	tei1	tei1	tei1
tei2	tei2	tei2	tei2
tei3	tei3	tei3	tei3
tei4	tei4	tei4	tei4
tei5	tei5	tei5	tei5
tei6	tei6	tei6	tei6
tek2	tek2	tek2	tek2
tek1	tek1	tek7	tek1
tek3	tek3	tek8	tek3
tek6	tek6	tek9	tek6
teng1	teng1	teng1	teng1
teng2	teng2	teng2	teng2
teng3	teng3	teng3	teng3
teng4	teng4	teng4	teng4
teng5	teng5	teng5	teng5
teng6	teng6	teng6	teng6
toe1	teu1	toe1	teuh1
toe2	teu2	toe2	teuh2
toe3	teu3	toe3	teuh3
toe4	teu4	toe4	teuh4
toe5	teu5	toe5	teuh5
toe6	teu6	toe6	teuh6
teoi1	teui1	toey1	tui1
teoi2	teui2	toey2	tui2
teoi3	teui3	toey3	tui3
teoi4	teui4	toey4	tui4
teoi5	teui5	toey5	tui5
teoi6	teui6	toey6	tui6
teon1	teun1	toen1	tun1
teon2	teun2	toen2	tun2
teon3	teun3	toen3	tun3
teon4	teun4	toen4	tun4
teon5	teun5	toen5	tun5
teon6	teun6	toen6	tun6
ti1	ti1	ti1	ti1
ti2	ti2	ti2	ti2
ti3	ti3	ti3	ti3
ti4	ti4	ti4	ti4
ti5	ti5	ti5	ti5
ti6	ti6	ti6	ti6
tik2	tik2	tik2	tik2
tik1	tik1	tik7	tik1
tik3	tik3	tik8	tik3
tik6	tik6	tik9	tik6
tim1	tim1	tim1	tim1
tim2	tim2	tim2	tim2
tim3	tim3	tim3	tim3
tim4	tim4	tim4	tim4
tim5	tim5	tim5	tim5
tim6	tim6	tim6	tim6
tin1	tin1	tin1	tin1
tin2	tin2	tin2	tin2
tin3	tin3	tin3	tin3
tin4	tin4	tin4	tin4
tin5	tin5	tin5	tin5
tin6	tin6	tin6	tin6
ting1	ting1	ting1	ting1
ting2	ting2	ting2	ting2
ting3	ting3	ting3	ting3
ting4	ting4	ting4	ting4
ting5	ting5	ting5	ting5
ting6	ting6	ting6	ting6
tip2	tip2	tip2	tip2
tip1	tip1	tip7	tip1
tip3	tip3	tip8	tip3
tip6	tip6	tip9	tip6
tit2	tit2	tit2	tit2
tit1	tit1	tit7	tit1
tit3	tit3	tit8	tit3
tit6	tit6	tit9	tit6
tiu1	tiu1	tiu1	tiu1
tiu2	tiu2	tiu2	tiu2
tiu3	tiu3	tiu3	tiu3
tiu4	tiu4	tiu4	tiu4
tiu5	tiu5	tiu5	tiu5
tiu6	tiu6	tiu6	tiu6
to1	to1	to1	toh1
to2	to2	to2	toh2
to3	to3	to3	toh3
to4	to4	to4	toh4
to5	to5	to5	toh5
to6	to6	to6	toh6
toi1	toi1	toi1	toi1
toi2	toi2	toi2	toi2
toi3	toi3	toi3	toi3
toi4	toi4	toi4	toi4
toi5	toi5	toi5	toi5
toi6	toi6	toi6	toi6
tok2	tok2	tok2	tok2
tok1	tok1	tok7	tok1
tok3	tok3	tok8	tok3
tok6	tok6	tok9	tok6
tong1	tong1	tong1	tong1
tong2	tong2	tong2	tong2
tong3	tong3	tong3	tong3
tong4	tong4	tong4	tong4
tong5	tong5	tong5	tong5
tong6	tong6	tong6	tong6
tou1	tou1	tou1	to1
tou2	tou2	tou2	to2
tou3	tou3	tou3	to3
tou4	tou4	tou4	to4
tou5	tou5	tou5	to5
tou6	tou6	tou6	to6
tuk2	tuk2	tuk2	tuk2
tuk1	tuk1	tuk7	tuk1
tuk3	tuk3	tuk8	tuk3
tuk6	tuk6	tuk9	tuk6
tung1	tung1	tung1	tung1
tung2	tung2	tung2	tung2
tung3	tung3	tung3	tung3
tung4	tung4	tung4	tung4
tung5	tung5	tung5	tung5
tung6	tung6	tung6	tung6
tyun1	tyun1	tyn1	tuen1
tyun2	tyun2	tyn2	tuen2
tyun3	tyun3	tyn3	tuen3
tyun4	tyun4	tyn4	tuen4
tyun5	tyun5	tyn5	tuen5
tyun6	tyun6	tyn6	tuen6
tyut2	tyut2	tyt2	tuet2
tyut1	tyut1	tyt7	tuet1
tyut3	tyut3	tyt8	tuet3
tyut6	tyut6	tyt9	tuet6
uk2	uk2	uk2	uk2
uk1	uk1	uk7	uk1
uk3	uk3	uk8	uk3
uk6	uk6	uk9	uk6
ung1	ung1	ung1	ung1
ung2	ung2	ung2	ung2
ung3	ung3	ung3	ung3
ung4	ung4	ung4	ung4
ung5	ung5	ung5	ung5
ung6	ung6	ung6	ung6
waa1	wa1	waa1	wa1
waa2	wa2	waa2	wa2
waa3	wa3	waa3	wa3
waa4	wa4	waa4	wa4
waa5	wa5	waa5	wa5
waa6	wa6	waa6	wa6
waai1	waai1	waai1	waai1
waai2	waai2	waai2	waai2
waai3	waai3	waai3	waai3
waai4	waai4	waai4	waai4
waai5	waai5	waai5	waai5
waai6	waai6	waai6	waai6
waak2	waak2	waak2	waak2
waak1	waak1	waak7	waak1
waak3	waak3	waak8	waak3
waak6	waak6	waak9	waak6
waan1	waan1	waan1	waan1
waan2	waan2	waan2	waan2
waan3	waan3	waan3	waan3
waan4	waan4	waan4	waan4
waan5	waan5	waan5	waan5
waan6	waan6	waan6	waan6
waang1	waang1	waang1	waang1
waang2	waang2	waang2	waang2
waang3	waang3	waang3	waang3
waang4	waang4	waang4	waang4
waang5	waang5	waang5	waang5
waang6	waang6	waang6	waang6
waat2	waat2	waat2	waat2
waat1	waat1	waat7	waat1
waat3	waat3	waat8	waat3
waat6	waat6	waat9	waat6
wai1	wai1	wai1	wai1
wai2	wai2	wai2	wai2
wai3	wai3	wai3	wai3
wai4	wai4	wai4	wai4
wai5	wai5	wai5	wai5
wai6	wai6	wai6	wai6
wak2	wak2	wak2	wak2
wak1	wak1	wak7	wak1
wak3	wak3	wak8	wak3
wak6	wak6	wak9	wak6
wan1	wan1	wan1	wan1
wan2	wan2	wan2	wan2
wan3	wan3	wan3	wan3
wan4	wan4	wan4	wan4
wan5	wan5	wan5	wan5
wan6	wan6	wan6	wan6
wang1	wang1	wang1	wang1
wang2	wang2	wang2	wang2
wang3	wang3	wang3	wang3
wang4	wang4	wang4	wang4
wang5	wang5	wang5	wang5
wang6	wang6	wang6	wang6
wat2	wat2	wat2	wat2
wat1	wat1	wat7	wat1
wat3	wat3	wat8	wat3
wat6	wat6	wat9	wat6
we1	we1	we1	we1
we2	we2	we2	we2
we3	we3	we3	we3
we4	we4	we4	we4
we5	we5	we5	we5
we6	we6	we6	we6
wen1	wen1	wen1	wen1
wen2	wen2	wen2	wen2
wen3	wen3	wen3	wen3
wen4	wen4	wen4	wen4
wen5	wen5	wen5	wen5
wen6	wen6	wen6	wen6
weng1	weng1	weng1	weng1
weng2	weng2	weng2	weng2
weng3	weng3	weng3	weng3
weng4	weng4	weng4	weng4
weng5	weng5	weng5	weng5
weng6	weng6	weng6	weng6
wet2	wet2	wet2	wet2
wet1	wet1	wet7	wet1
wet3	wet3	wet8	wet3
wet6	wet6	wet9	pet6
woek2	weuk2	woek2	weuk2
woek1	weuk1	woek7	weuk1
woek3	weuk3	woek8	weuk3
woek6	weuk6	woek9	weuk6
wi1	wi1	wi1	wi1
wi2	wi2	wi2	wi2
wi3	wi3	wi3	wi3
wi4	wi4	wi4	wi4
wi5	wi5	wi5	wi5
wi6	wi6	wi6	wi6
wik2	wik2	wik2	wik2
wik1	wik1	wik7	wik1
wik3	wik3	wik8	wik3
wik6	wik6	wik9	wik6
wing1	wing1	wing1	wing1
wing2	wing2	wing2	wing2
wing3	wing3	wing3	wing3
wing4	wing4	wing4	wing4
wing5	wing5	wing5	wing5
wing6	wing6	wing6	wing6
wo1	wo1	wo1	woh1
wo2	wo2	wo2	woh2
wo3	wo3	wo3	woh3
wo4	wo4	wo4	woh4
wo5	wo5	wo5	woh5
wo6	wo6	wo6	woh6
wok2	wok2	wok2	wok2
wok1	wok1	wok7	wok1
wok3	wok3	wok8	wok3
wok6	wok6	wok9	wok6
wong1	wong1	wong1	wong1
wong2	wong2	wong2	wong2
wong3	wong3	wong3	wong3
wong4	wong4	wong4	wong4
wong5	wong5	wong5	wong5
wong6	wong6	wong6	wong6
wu1	wu1	wu1	woo1
wu2	wu2	wu2	woo2
wu3	wu3	wu3	woo3
wu4	wu4	wu4	woo4
wu5	wu5	wu5	woo5
wu6	wu6	wu6	woo6
wui1	wui1	wui1	wooi1
wui2	wui2	wui2	wooi2
wui3	wui3	wui3	wooi3
wui4	wui4	wui4	wooi4
wui5	wui5	wui5	wooi5
wui6	wui6	wui6	wooi6
wun1	wun1	wun1	woon1
wun2	wun2	wun2	woon2
wun3	wun3	wun3	woon3
wun4	wun4	wun4	woon4
wun5	wun5	wun5	woon5
wun6	wun6	wun6	woon6
wut2	wut2	wut2	woot2
wut1	wut1	wut7	woot1
wut3	wut3	wut8	woot3
wut6	wut6	wut9	woot6
jaa1	ya1	jaa1	ya1
jaa2	ya2	jaa2	ya2
jaa3	ya3	jaa3	ya3
jaa4	ya4	jaa4	ya4
jaa5	ya5	jaa5	ya5
jaa6	ya6	jaa6	ya6
jaai1	yaai1	jaai1	yaai1
jaai2	yaai2	jaai2	yaai2
jaai3	yaai3	jaai3	yaai3
jaai4	yaai4	jaai4	yaai4
jaai5	yaai5	jaai5	yaai5
jaai6	yaai6	jaai6	yaai6
jaak2	yaak2	jaak2	yaak2
jaak1	yaak1	jaak7	yaak1
jaak3	yaak3	jaak8	yaak3
jaak6	yaak6	jaak9	yaak6
jaang1	yaang1	jaang1	yaang1
jaang2	yaang2	jaang2	yaang2
jaang3	yaang3	jaang3	yaang3
jaang4	yaang4	jaang4	yaang4
jaang5	yaang5	jaang5	yaang5
jaang6	yaang6	jaang6	yaang6
jaap2	yaap2	jaap2	yaap2
jaap1	yaap1	jaap7	yaap1
jaap3	yaap3	jaap8	yaap3
jaap6	yaap6	jaap9	yaap6
jaau1	yaau1	jaau1	yaau1
jaau2	yaau2	jaau2	yaau2
jaau3	yaau3	jaau3	yaau3
jaau4	yaau4	jaau4	yaau4
jaau5	yaau5	jaau5	yaau5
jaau6	yaau6	jaau6	yaau6
jai1	yai1	jai1	yai1
jai2	yai2	jai2	yai2
jai3	yai3	jai3	yai3
jai4	yai4	jai4	yai4
jai5	yai5	jai5	yai5
jai6	yai6	jai6	yai6
jam1	yam1	jam1	yam1
jam2	yam2	jam2	yam2
jam3	yam3	jam3	yam3
jam4	yam4	jam4	yam4
jam5	yam5	jam5	yam5
jam6	yam6	jam6	yam6
jan1	yan1	jan1	yan1
jan2	yan2	jan2	yan2
jan3	yan3	jan3	yan3
jan4	yan4	jan4	yan4
jan5	yan5	jan5	yan5
jan6	yan6	jan6	yan6
jap2	yap2	jap2	yap2
jap1	yap1	jap7	yap1
jap3	yap3	jap8	yap3
jap6	yap6	jap9	yap6
jat2	yat2	jat2	yat2
jat1	yat1	jat7	yat1
jat3	yat3	jat8	yat3
jat6	yat6	jat9	yat6
jau1	yau1	jau1	yau1
jau2	yau2	jau2	yau2
jau3	yau3	jau3	yau3
jau4	yau4	jau4	yau4
jau5	yau5	jau5	yau5
jau6	yau6	jau6	yau6
je1	ye1	je1	ye1
je2	ye2	je2	ye2
je3	ye3	je3	ye3
je4	ye4	je4	ye4
je5	ye5	je5	ye5
je6	ye6	je6	ye6
jeng1	yeng1	jeng1	yeng1
jeng2	yeng2	jeng2	yeng2
jeng3	yeng3	jeng3	yeng3
jeng4	yeng4	jeng4	yeng4
jeng5	yeng5	jeng5	yeng5
jeng6	yeng6	jeng6	yeng6
jeoi1	yeui1	joey1	yui1
jeoi2	yeui2	joey2	yui2
jeoi3	yeui3	joey3	yui3
jeoi4	yeui4	joey4	yui4
jeoi5	yeui5	joey5	yui5
jeoi6	yeui6	joey6	yui6
joek2	yeuk2	joek2	yeuk2
joek1	yeuk1	joek7	yeuk1
joek3	yeuk3	joek8	yeuk3
joek6	yeuk6	joek9	yeuk6
jeon1	yeun1	joen1	yun1
jeon2	yeun2	joen2	yun2
jeon3	yeun3	joen3	yun3
jeon4	yeun4	joen4	yun4
jeon5	yeun5	joen5	yun5
jeon6	yeun6	joen6	yun6
joeng1	yeung1	joeng1	yeung1
joeng2	yeung2	joeng2	yeung2
joeng3	yeung3	joeng3	yeung3
joeng4	yeung4	joeng4	yeung4
joeng5	yeung5	joeng5	yeung5
joeng6	yeung6	joeng6	yeung6
ji1	yi1	ji1	yi1
ji2	yi2	ji2	yi2
ji3	yi3	ji3	yi3
ji4	yi4	ji4	yi4
ji5	yi5	ji5	yi5
ji6	yi6	ji6	yi6
jik2	yik2	jik2	yik2
jik1	yik1	jik7	yik1
jik3	yik3	jik8	yik3
jik6	yik6	jik9	yik6
jim1	yim1	jim1	yim1
jim2	yim2	jim2	yim2
jim3	yim3	jim3	yim3
jim4	yim4	jim4	yim4
jim5	yim5	jim5	yim5
jim6	yim6	jim6	yim6
jin1	yin1	jin1	yin1
jin2	yin2	jin2	yin2
jin3	yin3	jin3	yin3
jin4	yin4	jin4	yin4
jin5	yin5	jin5	yin5
jin6	yin6	jin6	yin6
jing1	ying1	jing1	ying1
jing2	ying2	jing2	ying2
jing3	ying3	jing3	ying3
jing4	ying4	jing4	ying4
jing5	ying5	jing5	ying5
jing6	ying6	jing6	ying6
jip2	yip2	jip2	yip2
jip1	yip1	jip7	yip1
jip3	yip3	jip8	yip3
jip6	yip6	jip9	yip6
jit2	yit2	jit2	yit2
jit1	yit1	jit7	yit1
jit3	yit3	jit8	yit3
jit6	yit6	jit9	yit6
jiu1	yiu1	jiu1	yiu1
jiu2	yiu2	jiu2	yiu2
jiu3	yiu3	jiu3	yiu3
jiu4	yiu4	jiu4	yiu4
jiu5	yiu5	jiu5	yiu5
jiu6	yiu6	jiu6	yiu6
jo1	yo1	jo1	yoh1
jo2	yo2	jo2	yoh2
jo3	yo3	jo3	yoh3
jo4	yo4	jo4	yoh4
jo5	yo5	jo5	yoh5
jo6	yo6	jo6	yoh6
jyu1	yu1	jy1	yue1
jyu2	yu2	jy2	yue2
jyu3	yu3	jy3	yue3
jyu4	yu4	jy4	yue4
jyu5	yu5	jy5	yue5
jyu6	yu6	jy6	yue6
juk2	yuk2	juk2	yuk2
juk1	yuk1	juk7	yuk1
juk3	yuk3	juk8	yuk3
juk6	yuk6	juk9	yuk6
jyun1	yun1	jyn1	yuen1
jyun2	yun2	jyn2	yuen2
jyun3	yun3	jyn3	yuen3
jyun4	yun4	jyn4	yuen4
jyun5	yun5	jyn5	yuen5
jyun6	yun6	jyn6	yuen6
jung1	yung1	jung1	yung1
jung2	yung2	jung2	yung2
jung3	yung3	jung3	yung3
jung4	yung4	jung4	yung4
jung5	yung5	jung5	yung5
jung6	yung6	jung6	yung6
jyut2	yut2	jyt2	yuet2
jyut1	yut1	jyt7	yuet1
jyut3	yut3	jyt8	yuet3
jyut6	yut6	jyt9	yuet6